Filename,Label
1.png,0
2.png,0
3.png,0
4.png,0
5.png,0
6.png,0
7.png,0
8.png,0
9.png,0
10.png,0
11.png,0
12.png,0
13.png,0
14.png,0
15.png,0
16.png,0
17.png,0
18.png,0
19.png,0
20.png,0
21.png,0
22.png,0
23.png,0
24.png,0
25.png,0
26.png,0
27.png,0
28.png,0
29.png,0
30.png,0
31.png,0
32.png,0
33.png,0
34.png,0
35.png,0
36.png,0
37.png,0
38.png,0
39.png,0
40.png,0
41.png,0
42.png,0
43.png,0
44.png,0
45.png,0
46.png,0
47.png,0
48.png,0
49.png,0
50.png,0
51.png,0
52.png,0
53.png,0
54.png,0
55.png,0
56.png,0
57.png,0
58.png,0
59.png,0
60.png,0
61.png,0
62.png,0
63.png,0
64.png,0
65.png,0
66.png,0
67.png,0
68.png,0
69.png,0
70.png,0
71.png,0
72.png,0
73.png,0
74.png,0
75.png,0
76.png,0
77.png,0
78.png,0
79.png,0
80.png,0
81.png,0
82.png,0
83.png,0
84.png,0
85.png,0
86.png,0
87.png,0
88.png,0
89.png,0
90.png,0
91.png,0
92.png,0
93.png,0
94.png,0
95.png,0
96.png,0
97.png,0
98.png,0
99.png,0
100.png,0
101.png,0
102.png,0
103.png,0
104.png,0
105.png,0
106.png,0
107.png,0
108.png,0
109.png,0
110.png,0
111.png,0
112.png,0
113.png,0
114.png,0
115.png,0
116.png,0
117.png,0
118.png,0
119.png,0
120.png,0
121.png,0
122.png,0
123.png,0
124.png,0
125.png,0
126.png,0
127.png,0
128.png,0
129.png,0
130.png,0
131.png,0
132.png,0
133.png,0
134.png,0
135.png,0
136.png,0
137.png,0
138.png,0
139.png,0
140.png,0
141.png,0
142.png,0
143.png,0
144.png,0
145.png,0
146.png,0
147.png,0
148.png,0
149.png,0
150.png,0
151.png,0
152.png,0
153.png,0
154.png,0
155.png,0
156.png,0
157.png,0
158.png,0
159.png,0
160.png,0
161.png,0
162.png,0
163.png,0
164.png,0
165.png,0
166.png,0
167.png,0
168.png,0
169.png,0
170.png,0
171.png,0
172.png,0
173.png,0
174.png,0
175.png,0
176.png,0
177.png,0
178.png,0
179.png,0
180.png,0
181.png,0
182.png,0
183.png,0
184.png,0
185.png,0
186.png,0
187.png,0
188.png,0
189.png,0
190.png,0
191.png,0
192.png,0
193.png,0
194.png,0
195.png,0
196.png,0
197.png,0
198.png,0
199.png,0
200.png,0
201.png,0
202.png,0
203.png,0
204.png,0
205.png,0
206.png,0
207.png,0
208.png,0
209.png,0
210.png,0
211.png,0
212.png,0
213.png,0
214.png,0
215.png,0
216.png,0
217.png,0
218.png,0
219.png,0
220.png,0
221.png,0
222.png,0
223.png,0
224.png,0
225.png,0
226.png,0
227.png,0
228.png,0
229.png,0
230.png,0
231.png,0
232.png,0
233.png,0
234.png,0
235.png,0
236.png,0
237.png,0
238.png,0
239.png,0
240.png,0
241.png,0
242.png,0
243.png,0
244.png,0
245.png,0
246.png,0
247.png,0
248.png,0
249.png,0
250.png,0
251.png,0
252.png,0
253.png,0
254.png,0
255.png,0
256.png,0
257.png,0
258.png,0
259.png,0
260.png,0
261.png,0
262.png,0
263.png,0
264.png,0
265.png,0
266.png,0
267.png,0
268.png,0
269.png,0
270.png,0
271.png,0
272.png,0
273.png,0
274.png,0
275.png,0
276.png,0
277.png,0
278.png,0
279.png,0
280.png,0
281.png,0
282.png,0
283.png,0
284.png,0
285.png,0
286.png,0
287.png,0
288.png,0
289.png,0
290.png,0
291.png,0
292.png,0
293.png,0
294.png,0
295.png,0
296.png,0
297.png,0
298.png,0
299.png,0
300.png,0
301.png,0
302.png,0
303.png,0
304.png,0
305.png,0
306.png,0
307.png,0
308.png,0
309.png,0
310.png,0
311.png,0
312.png,0
313.png,0
314.png,0
315.png,0
316.png,0
317.png,0
318.png,0
319.png,0
320.png,0
321.png,0
322.png,0
323.png,0
324.png,0
325.png,0
326.png,0
327.png,0
328.png,0
329.png,0
330.png,0
331.png,0
332.png,0
333.png,0
334.png,0
335.png,0
336.png,0
337.png,0
338.png,0
339.png,0
340.png,0
341.png,0
342.png,0
343.png,0
344.png,0
345.png,0
346.png,0
347.png,0
348.png,0
349.png,0
350.png,0
351.png,0
352.png,0
353.png,0
354.png,0
355.png,0
356.png,0
357.png,0
358.png,0
359.png,0
360.png,0
361.png,0
362.png,0
363.png,0
364.png,0
365.png,0
366.png,0
367.png,0
368.png,0
369.png,0
370.png,0
371.png,0
372.png,0
373.png,0
374.png,0
375.png,0
376.png,0
377.png,0
378.png,0
379.png,0
380.png,0
381.png,0
382.png,0
383.png,0
384.png,0
385.png,0
386.png,0
387.png,0
388.png,0
389.png,0
390.png,0
391.png,0
392.png,0
393.png,0
394.png,0
395.png,0
396.png,0
397.png,0
398.png,0
399.png,0
400.png,0
401.png,0
402.png,0
403.png,0
404.png,0
405.png,0
406.png,0
407.png,0
408.png,0
409.png,0
410.png,0
411.png,0
412.png,0
413.png,0
414.png,0
415.png,0
416.png,0
417.png,0
418.png,0
419.png,0
420.png,0
421.png,0
422.png,0
423.png,0
424.png,0
425.png,0
426.png,0
427.png,0
428.png,0
429.png,0
430.png,0
431.png,0
432.png,0
433.png,0
434.png,0
435.png,0
436.png,0
437.png,0
438.png,0
439.png,0
440.png,0
441.png,0
442.png,0
443.png,0
444.png,0
445.png,0
446.png,0
447.png,0
448.png,0
449.png,0
450.png,0
451.png,0
452.png,0
453.png,0
454.png,0
455.png,0
456.png,0
457.png,0
458.png,0
459.png,0
460.png,0
461.png,0
462.png,0
463.png,0
464.png,0
465.png,0
466.png,0
467.png,0
468.png,0
469.png,0
470.png,0
471.png,0
472.png,0
473.png,0
474.png,0
475.png,0
476.png,0
477.png,0
478.png,0
479.png,0
480.png,0
481.png,0
482.png,0
483.png,0
484.png,0
485.png,0
486.png,0
487.png,0
488.png,0
489.png,0
490.png,0
491.png,0
492.png,0
493.png,0
494.png,0
495.png,0
496.png,0
497.png,0
498.png,0
499.png,0
500.png,0
501.png,0
502.png,0
503.png,0
504.png,0
505.png,0
506.png,0
507.png,0
508.png,0
509.png,0
510.png,0
511.png,0
512.png,0
513.png,0
514.png,0
515.png,0
516.png,0
517.png,0
518.png,0
519.png,0
520.png,0
521.png,0
522.png,0
523.png,0
524.png,0
525.png,0
526.png,0
527.png,0
528.png,0
529.png,0
530.png,0
531.png,0
532.png,0
533.png,0
534.png,0
535.png,0
536.png,0
537.png,0
538.png,0
539.png,0
540.png,0
541.png,0
542.png,0
543.png,0
544.png,0
545.png,0
546.png,0
547.png,0
548.png,0
549.png,0
550.png,0
551.png,0
552.png,0
553.png,0
554.png,0
555.png,0
556.png,0
557.png,0
558.png,0
559.png,0
560.png,0
561.png,0
562.png,0
563.png,0
564.png,0
565.png,0
566.png,0
567.png,0
568.png,0
569.png,0
570.png,0
571.png,0
572.png,0
573.png,0
574.png,0
575.png,0
576.png,0
577.png,0
578.png,0
579.png,0
580.png,0
581.png,0
582.png,0
583.png,0
584.png,0
585.png,0
586.png,0
587.png,0
588.png,0
589.png,0
590.png,0
591.png,0
592.png,0
593.png,0
594.png,0
595.png,0
596.png,0
597.png,0
598.png,0
599.png,0
600.png,0
601.png,0
602.png,0
603.png,0
604.png,0
605.png,0
606.png,0
607.png,0
608.png,0
609.png,0
610.png,0
611.png,0
612.png,0
613.png,0
614.png,0
615.png,0
616.png,0
617.png,0
618.png,0
619.png,0
620.png,0
621.png,0
622.png,0
623.png,0
624.png,0
625.png,0
626.png,0
627.png,0
628.png,0
629.png,0
630.png,0
631.png,0
632.png,0
633.png,0
634.png,0
635.png,0
636.png,0
637.png,0
638.png,0
639.png,0
640.png,0
641.png,0
642.png,0
643.png,0
644.png,0
645.png,0
646.png,0
647.png,0
648.png,0
649.png,0
650.png,0
651.png,0
652.png,0
653.png,0
654.png,0
655.png,0
656.png,0
657.png,0
658.png,0
659.png,0
660.png,0
661.png,0
662.png,0
663.png,0
664.png,0
665.png,0
666.png,0
667.png,0
668.png,0
669.png,0
670.png,0
671.png,0
672.png,0
673.png,0
674.png,0
675.png,0
676.png,0
677.png,0
678.png,0
679.png,0
680.png,0
681.png,0
682.png,0
683.png,0
684.png,0
685.png,0
686.png,0
687.png,0
688.png,0
689.png,0
690.png,0
691.png,0
692.png,0
693.png,0
694.png,0
695.png,0
696.png,0
697.png,0
698.png,0
699.png,0
700.png,0
701.png,0
702.png,0
703.png,0
704.png,0
705.png,0
706.png,0
707.png,0
708.png,0
709.png,0
710.png,0
711.png,0
712.png,0
713.png,0
714.png,0
715.png,0
716.png,0
717.png,0
718.png,0
719.png,0
720.png,0
721.png,0
722.png,0
723.png,0
724.png,0
725.png,0
726.png,0
727.png,0
728.png,0
729.png,0
730.png,1
731.png,1
732.png,1
733.png,1
734.png,1
735.png,1
736.png,1
737.png,1
738.png,1
739.png,1
740.png,1
741.png,1
742.png,1
743.png,1
744.png,1
745.png,1
746.png,1
747.png,1
748.png,1
749.png,1
750.png,1
751.png,1
752.png,1
753.png,1
754.png,1
755.png,1
756.png,1
757.png,1
758.png,1
759.png,1
760.png,1
761.png,1
762.png,1
763.png,1
764.png,1
765.png,1
766.png,1
767.png,1
768.png,1
769.png,1
770.png,1
771.png,1
772.png,1
773.png,1
774.png,1
775.png,1
776.png,1
777.png,1
778.png,1
779.png,1
780.png,1
781.png,1
782.png,1
783.png,1
784.png,1
785.png,1
786.png,1
787.png,1
788.png,1
789.png,1
790.png,1
791.png,1
792.png,1
793.png,1
794.png,1
795.png,1
796.png,1
797.png,1
798.png,1
799.png,1
800.png,1
801.png,1
802.png,1
803.png,1
804.png,1
805.png,1
806.png,1
807.png,1
808.png,1
809.png,1
810.png,1
811.png,1
812.png,1
813.png,1
814.png,1
815.png,1
816.png,1
817.png,1
818.png,1
819.png,1
820.png,1
821.png,1
822.png,1
823.png,1
824.png,1
825.png,1
826.png,1
827.png,1
828.png,1
829.png,1
830.png,1
831.png,1
832.png,1
833.png,1
834.png,1
835.png,1
836.png,1
837.png,1
838.png,1
839.png,1
840.png,1
841.png,1
842.png,1
843.png,1
844.png,1
845.png,1
846.png,1
847.png,1
848.png,1
849.png,1
850.png,1
851.png,1
852.png,1
853.png,1
854.png,1
855.png,1
856.png,1
857.png,1
858.png,1
859.png,1
860.png,1
861.png,1
862.png,1
863.png,1
864.png,1
865.png,1
866.png,1
867.png,1
868.png,1
869.png,1
870.png,1
871.png,1
872.png,1
873.png,1
874.png,1
875.png,1
876.png,1
877.png,1
878.png,1
879.png,1
880.png,1
881.png,1
882.png,1
883.png,1
884.png,1
885.png,1
886.png,1
887.png,1
888.png,1
889.png,1
890.png,1
891.png,1
892.png,1
893.png,1
894.png,1
895.png,1
896.png,1
897.png,1
898.png,1
899.png,1
900.png,1
901.png,1
902.png,1
903.png,1
904.png,1
905.png,1
906.png,1
907.png,1
908.png,1
909.png,1
910.png,1
911.png,1
912.png,1
913.png,1
914.png,1
915.png,1
916.png,1
917.png,1
918.png,1
919.png,1
920.png,1
921.png,1
922.png,1
923.png,1
924.png,1
925.png,1
926.png,1
927.png,1
928.png,1
929.png,1
930.png,1
931.png,1
932.png,1
933.png,1
934.png,1
935.png,1
936.png,1
937.png,1
938.png,1
939.png,1
940.png,1
941.png,1
942.png,1
943.png,1
944.png,1
945.png,1
946.png,1
947.png,1
948.png,1
949.png,1
950.png,1
951.png,1
952.png,1
953.png,1
954.png,1
955.png,1
956.png,1
957.png,1
958.png,1
959.png,1
960.png,1
961.png,1
962.png,1
963.png,1
964.png,1
965.png,1
966.png,1
967.png,1
968.png,1
969.png,1
970.png,1
971.png,1
972.png,1
973.png,1
974.png,1
975.png,1
976.png,1
977.png,1
978.png,1
979.png,1
980.png,1
981.png,1
982.png,1
983.png,1
984.png,1
985.png,1
986.png,1
987.png,1
988.png,1
989.png,1
990.png,1
991.png,1
992.png,1
993.png,1
994.png,1
995.png,1
996.png,1
997.png,1
998.png,1
999.png,1
1000.png,1
1001.png,1
1002.png,1
1003.png,1
1004.png,1
1005.png,1
1006.png,1
1007.png,1
1008.png,1
1009.png,1
1010.png,1
1011.png,1
1012.png,1
1013.png,1
1014.png,1
1015.png,1
1016.png,1
1017.png,1
1018.png,1
1019.png,1
1020.png,1
1021.png,1
1022.png,1
1023.png,1
1024.png,1
1025.png,1
1026.png,1
1027.png,1
1028.png,1
1029.png,1
1030.png,1
1031.png,1
1032.png,1
1033.png,1
1034.png,1
1035.png,1
1036.png,1
1037.png,1
1038.png,1
1039.png,1
1040.png,1
1041.png,1
1042.png,1
1043.png,1
1044.png,1
1045.png,1
1046.png,1
1047.png,1
1048.png,1
1049.png,1
1050.png,1
1051.png,1
1052.png,1
1053.png,1
1054.png,1
1055.png,1
1056.png,1
1057.png,1
1058.png,1
1059.png,1
1060.png,1
1061.png,1
1062.png,1
1063.png,1
1064.png,1
1065.png,1
1066.png,1
1067.png,1
1068.png,1
1069.png,1
1070.png,1
1071.png,1
1072.png,1
1073.png,1
1074.png,1
1075.png,1
1076.png,1
1077.png,1
1078.png,1
1079.png,1
1080.png,1
1081.png,1
1082.png,1
1083.png,1
1084.png,1
1085.png,1
1086.png,1
1087.png,1
1088.png,1
1089.png,1
1090.png,1
1091.png,1
1092.png,1
1093.png,1
1094.png,1
1095.png,1
1096.png,1
1097.png,1
1098.png,1
1099.png,1
1100.png,1
1101.png,1
1102.png,1
1103.png,1
1104.png,1
1105.png,1
1106.png,1
1107.png,1
1108.png,1
1109.png,1
1110.png,1
1111.png,1
1112.png,1
1113.png,1
1114.png,1
1115.png,1
1116.png,1
1117.png,1
1118.png,1
1119.png,1
1120.png,1
1121.png,1
1122.png,1
1123.png,1
1124.png,1
1125.png,1
1126.png,1
1127.png,1
1128.png,1
1129.png,1
1130.png,1
1131.png,1
1132.png,1
1133.png,1
1134.png,1
1135.png,1
1136.png,1
1137.png,1
1138.png,1
1139.png,1
1140.png,1
1141.png,1
1142.png,1
1143.png,1
1144.png,1
1145.png,1
1146.png,1
1147.png,1
1148.png,1
1149.png,1
1150.png,1
1151.png,1
1152.png,1
1153.png,1
1154.png,1
1155.png,1
1156.png,1
1157.png,1
1158.png,1
1159.png,1
1160.png,1
1161.png,1
1162.png,1
1163.png,1
1164.png,1
1165.png,1
1166.png,1
1167.png,1
1168.png,1
1169.png,1
1170.png,1
1171.png,1
1172.png,1
1173.png,1
1174.png,1
1175.png,1
1176.png,1
1177.png,1
1178.png,1
1179.png,1
1180.png,1
1181.png,1
1182.png,1
1183.png,1
1184.png,1
1185.png,1
1186.png,1
1187.png,1
1188.png,1
1189.png,1
1190.png,1
1191.png,1
1192.png,1
1193.png,1
1194.png,1
1195.png,1
1196.png,1
1197.png,1
1198.png,1
1199.png,1
1200.png,1
1201.png,1
1202.png,1
1203.png,1
1204.png,1
1205.png,1
1206.png,1
1207.png,1
1208.png,1
1209.png,1
1210.png,1
1211.png,1
1212.png,1
1213.png,1
1214.png,1
1215.png,1
1216.png,1
1217.png,1
1218.png,1
1219.png,1
1220.png,1
1221.png,1
1222.png,1
1223.png,1
1224.png,1
1225.png,1
1226.png,1
1227.png,1
1228.png,1
1229.png,1
1230.png,1
1231.png,1
1232.png,1
1233.png,1
1234.png,1
1235.png,1
1236.png,1
1237.png,1
1238.png,1
1239.png,1
1240.png,1
1241.png,1
1242.png,1
1243.png,1
1244.png,1
1245.png,1
1246.png,1
1247.png,1
1248.png,1
1249.png,1
1250.png,1
1251.png,1
1252.png,1
1253.png,1
1254.png,1
1255.png,1
1256.png,1
1257.png,1
1258.png,1
1259.png,1
1260.png,1
1261.png,1
1262.png,1
1263.png,1
1264.png,1
1265.png,1
1266.png,1
1267.png,1
1268.png,1
1269.png,1
1270.png,1
1271.png,1
1272.png,1
1273.png,1
1274.png,1
1275.png,1
1276.png,1
1277.png,1
1278.png,1
1279.png,1
1280.png,1
1281.png,1
1282.png,1
1283.png,1
1284.png,1
1285.png,1
1286.png,1
1287.png,1
1288.png,1
1289.png,1
1290.png,1
1291.png,1
1292.png,1
1293.png,1
1294.png,1
1295.png,1
1296.png,1
1297.png,1
1298.png,1
1299.png,1
1300.png,1
1301.png,1
1302.png,1
1303.png,1
1304.png,1
1305.png,1
1306.png,1
1307.png,1
1308.png,1
1309.png,1
1310.png,1
1311.png,1
1312.png,1
1313.png,1
1314.png,1
1315.png,1
1316.png,1
1317.png,1
1318.png,1
1319.png,1
1320.png,1
1321.png,1
1322.png,1
1323.png,1
1324.png,1
1325.png,1
1326.png,1
1327.png,1
1328.png,1
1329.png,1
1330.png,1
1331.png,1
1332.png,1
1333.png,1
1334.png,1
1335.png,1
1336.png,1
1337.png,1
1338.png,1
1339.png,1
1340.png,1
1341.png,1
1342.png,1
1343.png,1
1344.png,1
1345.png,1
1346.png,1
1347.png,1
1348.png,1
1349.png,1
1350.png,1
1351.png,1
1352.png,1
1353.png,1
1354.png,1
1355.png,1
1356.png,1
1357.png,1
1358.png,1
1359.png,1
1360.png,1
1361.png,1
1362.png,1
1363.png,1
1364.png,1
1365.png,1
1366.png,1
1367.png,1
1368.png,1
1369.png,1
1370.png,1
1371.png,1
1372.png,1
1373.png,1
1374.png,1
1375.png,1
1376.png,1
1377.png,1
1378.png,1
1379.png,1
1380.png,1
1381.png,1
1382.png,1
1383.png,1
1384.png,1
1385.png,1
1386.png,1
1387.png,1
1388.png,1
1389.png,1
1390.png,1
1391.png,1
1392.png,1
1393.png,1
1394.png,1
1395.png,1
1396.png,1
1397.png,1
1398.png,1
1399.png,1
1400.png,1
1401.png,1
1402.png,1
1403.png,1
1404.png,1
1405.png,1
1406.png,1
1407.png,1
1408.png,1
1409.png,1
1410.png,1
1411.png,1
1412.png,1
1413.png,1
1414.png,1
1415.png,1
1416.png,1
1417.png,1
1418.png,1
1419.png,1
1420.png,1
1421.png,1
1422.png,1
1423.png,1
1424.png,1
1425.png,1
1426.png,1
1427.png,1
1428.png,1
1429.png,1
1430.png,1
1431.png,1
1432.png,1
1433.png,1
1434.png,1
1435.png,1
1436.png,1
1437.png,1
1438.png,1
1439.png,1
1440.png,1
1441.png,1
1442.png,1
1443.png,1
1444.png,1
1445.png,1
1446.png,1
1447.png,1
1448.png,1
1449.png,1
1450.png,1
1451.png,1
1452.png,1
1453.png,1
1454.png,1
1455.png,1
1456.png,1
1457.png,1
1458.png,1
1459.png,1
1460.png,1
1461.png,1
1462.png,1
1463.png,1
1464.png,1
1465.png,1
1466.png,1
1467.png,1
1468.png,1
1469.png,1
1470.png,1
1471.png,1
1472.png,1
1473.png,1
1474.png,1
1475.png,1
1476.png,1
1477.png,1
1478.png,1
1479.png,1
1480.png,1
1481.png,1
1482.png,1
1483.png,1
1484.png,1
1485.png,1
1486.png,1
1487.png,1
1488.png,1
1489.png,1
1490.png,1
1491.png,1
1492.png,1
1493.png,1
1494.png,1
1495.png,1
1496.png,1
1497.png,1
1498.png,1
1499.png,1
1500.png,1
1501.png,1
1502.png,1
1503.png,1
1504.png,1
1505.png,1
1506.png,1
1507.png,1
1508.png,1
1509.png,1
1510.png,1
1511.png,1
1512.png,1
1513.png,1
1514.png,1
1515.png,1
1516.png,1
1517.png,1
1518.png,1
1519.png,1
1520.png,1
1521.png,1
1522.png,1
1523.png,1
1524.png,1
1525.png,1
1526.png,1
1527.png,1
1528.png,1
1529.png,1
1530.png,1
1531.png,1
1532.png,1
1533.png,1
1534.png,1
1535.png,1
1536.png,1
1537.png,1
1538.png,1
1539.png,1
1540.png,1
1541.png,1
1542.png,1
1543.png,1
1544.png,1
1545.png,1
1546.png,1
1547.png,1
1548.png,1
1549.png,1
1550.png,1
1551.png,1
1552.png,1
1553.png,1
1554.png,1
1555.png,1
1556.png,1
1557.png,1
1558.png,1
1559.png,1
1560.png,1
1561.png,1
1562.png,1
1563.png,1
1564.png,1
1565.png,1
1566.png,1
1567.png,1
1568.png,1
1569.png,1
1570.png,1
1571.png,1
1572.png,1
1573.png,1
1574.png,1
1575.png,1
1576.png,1
1577.png,1
1578.png,1
1579.png,1
1580.png,1
1581.png,1
1582.png,1
1583.png,1
1584.png,1
1585.png,1
1586.png,1
1587.png,1
1588.png,1
1589.png,1
1590.png,1
1591.png,1
1592.png,1
1593.png,1
1594.png,1
1595.png,1
1596.png,1
1597.png,1
1598.png,1
1599.png,1
1600.png,1
1601.png,1
1602.png,1
1603.png,1
1604.png,1
1605.png,1
1606.png,1
1607.png,1
1608.png,1
1609.png,1
1610.png,1
1611.png,1
1612.png,1
1613.png,1
1614.png,1
1615.png,1
1616.png,1
1617.png,1
1618.png,1
1619.png,1
1620.png,1
1621.png,1
1622.png,1
1623.png,1
1624.png,1
1625.png,1
1626.png,1
1627.png,1
1628.png,1
1629.png,1
1630.png,1
1631.png,1
1632.png,1
1633.png,1
1634.png,1
1635.png,1
1636.png,1
1637.png,1
1638.png,1
1639.png,1
1640.png,1
1641.png,1
1642.png,1
1643.png,1
1644.png,1
1645.png,1
1646.png,1
1647.png,1
1648.png,1
1649.png,1
1650.png,1
1651.png,1
1652.png,1
1653.png,1
1654.png,1
1655.png,1
1656.png,1
1657.png,1
1658.png,1
1659.png,1
1660.png,1
1661.png,1
1662.png,1
1663.png,1
1664.png,1
1665.png,1
1666.png,1
1667.png,1
1668.png,1
1669.png,1
1670.png,1
1671.png,1
1672.png,1
1673.png,1
1674.png,1
1675.png,1
1676.png,1
1677.png,1
1678.png,1
1679.png,1
1680.png,1
1681.png,1
1682.png,1
1683.png,1
1684.png,1
1685.png,1
1686.png,1
1687.png,1
1688.png,1
1689.png,1
1690.png,1
1691.png,1
1692.png,1
1693.png,1
1694.png,1
1695.png,1
1696.png,1
1697.png,1
1698.png,1
1699.png,1
1700.png,1
1701.png,1
1702.png,1
1703.png,1
1704.png,1
1705.png,1
1706.png,1
1707.png,1
1708.png,1
1709.png,1
1710.png,1
1711.png,1
1712.png,1
1713.png,1
1714.png,1
1715.png,1
1716.png,1
1717.png,1
1718.png,1
1719.png,1
1720.png,1
1721.png,1
1722.png,1
1723.png,1
1724.png,1
1725.png,1
1726.png,1
1727.png,1
1728.png,1
1729.png,1
1730.png,1
1731.png,1
1732.png,1
1733.png,1
1734.png,1
1735.png,1
1736.png,1
1737.png,1
1738.png,1
1739.png,1
1740.png,1
1741.png,1
1742.png,1
1743.png,1
1744.png,1
1745.png,1
1746.png,1
1747.png,1
1748.png,1
1749.png,1
1750.png,1
1751.png,1
1752.png,1
1753.png,1
1754.png,1
1755.png,1
1756.png,1
1757.png,1
1758.png,1
1759.png,1
1760.png,1
1761.png,1
1762.png,1
1763.png,1
1764.png,1
1765.png,1
1766.png,1
1767.png,1
1768.png,1
1769.png,1
1770.png,1
1771.png,1
1772.png,1
1773.png,1
1774.png,1
1775.png,1
1776.png,1
1777.png,1
1778.png,1
1779.png,1
1780.png,1
1781.png,1
1782.png,1
1783.png,1
1784.png,1
1785.png,1
1786.png,1
1787.png,1
1788.png,1
1789.png,1
1790.png,1
1791.png,1
1792.png,1
1793.png,1
1794.png,1
1795.png,1
1796.png,1
1797.png,1
1798.png,1
1799.png,1
1800.png,1
1801.png,1
1802.png,1
1803.png,1
1804.png,1
1805.png,1
1806.png,1
1807.png,1
1808.png,1
1809.png,1
1810.png,1
1811.png,1
1812.png,1
1813.png,1
1814.png,1
1815.png,1
1816.png,1
1817.png,1
1818.png,1
1819.png,1
1820.png,1
1821.png,1
1822.png,1
1823.png,1
1824.png,1
1825.png,1
1826.png,1
1827.png,1
1828.png,1
1829.png,1
1830.png,1
1831.png,1
1832.png,1
1833.png,1
1834.png,1
1835.png,1
1836.png,1
1837.png,1
1838.png,1
1839.png,1
1840.png,1
1841.png,1
1842.png,1
1843.png,1
1844.png,1
1845.png,1
1846.png,1
1847.png,1
1848.png,1
1849.png,1
1850.png,1
1851.png,1
1852.png,1
1853.png,1
1854.png,1
1855.png,1
1856.png,1
1857.png,1
1858.png,1
1859.png,1
1860.png,1
1861.png,1
1862.png,1
1863.png,1
1864.png,1
1865.png,1
1866.png,1
1867.png,1
1868.png,1
1869.png,1
1870.png,1
1871.png,1
1872.png,1
1873.png,1
1874.png,1
1875.png,1
1876.png,1
1877.png,1
1878.png,1
1879.png,1
1880.png,1
1881.png,1
1882.png,1
1883.png,1
1884.png,1
1885.png,1
1886.png,1
1887.png,1
1888.png,1
1889.png,1
1890.png,1
1891.png,1
1892.png,1
1893.png,1
1894.png,1
1895.png,1
1896.png,1
1897.png,1
1898.png,1
1899.png,1
1900.png,1
1901.png,1
1902.png,1
1903.png,1
1904.png,1
1905.png,1
1906.png,1
1907.png,1
1908.png,1
1909.png,1
1910.png,1
1911.png,1
1912.png,1
1913.png,1
1914.png,1
1915.png,1
1916.png,1
1917.png,1
1918.png,1
1919.png,1
1920.png,1
1921.png,1
1922.png,1
1923.png,1
1924.png,1
1925.png,1
1926.png,1
1927.png,1
1928.png,1
1929.png,1
1930.png,1
1931.png,1
1932.png,1
1933.png,1
1934.png,1
1935.png,1
1936.png,1
1937.png,1
1938.png,1
1939.png,1
1940.png,1
1941.png,1
1942.png,1
1943.png,1
1944.png,1
1945.png,1
1946.png,1
1947.png,1
1948.png,1
1949.png,1
1950.png,1
1951.png,1
1952.png,1
1953.png,1
1954.png,1
1955.png,1
1956.png,1
1957.png,1
1958.png,1
1959.png,1
1960.png,1
1961.png,1
1962.png,1
1963.png,1
1964.png,1
1965.png,1
1966.png,1
1967.png,1
1968.png,1
1969.png,1
1970.png,1
1971.png,1
1972.png,1
1973.png,1
1974.png,1
1975.png,1
1976.png,1
1977.png,1
1978.png,1
1979.png,1
1980.png,1
1981.png,1
1982.png,1
1983.png,1
1984.png,1
1985.png,1
1986.png,1
1987.png,1
1988.png,1
1989.png,1
1990.png,1
1991.png,1
1992.png,1
1993.png,1
1994.png,1
1995.png,1
1996.png,1
1997.png,1
1998.png,1
1999.png,1
2000.png,1
2001.png,1
2002.png,1
2003.png,1
2004.png,1
2005.png,1
2006.png,1
2007.png,1
2008.png,1
2009.png,1
2010.png,1
2011.png,1
2012.png,1
2013.png,1
2014.png,1
2015.png,1
2016.png,1
2017.png,1
2018.png,1
2019.png,1
2020.png,1
2021.png,1
2022.png,1
2023.png,1
2024.png,1
2025.png,1
2026.png,1
2027.png,1
2028.png,1
2029.png,1
2030.png,1
2031.png,1
2032.png,1
2033.png,1
2034.png,1
2035.png,1
2036.png,1
2037.png,1
2038.png,1
2039.png,1
2040.png,1
2041.png,1
2042.png,1
2043.png,1
2044.png,1
2045.png,1
2046.png,1
2047.png,1
2048.png,1
2049.png,1
2050.png,1
2051.png,1
2052.png,1
2053.png,1
2054.png,1
2055.png,1
2056.png,1
2057.png,1
2058.png,1
2059.png,1
2060.png,1
2061.png,1
2062.png,1
2063.png,1
2064.png,1
2065.png,1
2066.png,1
2067.png,1
2068.png,1
2069.png,1
2070.png,1
2071.png,1
2072.png,1
2073.png,1
2074.png,1
2075.png,1
2076.png,1
2077.png,1
2078.png,1
2079.png,1
2080.png,1
2081.png,1
2082.png,1
2083.png,1
2084.png,1
2085.png,1
2086.png,1
2087.png,1
2088.png,1
2089.png,1
2090.png,1
2091.png,1
2092.png,1
2093.png,1
2094.png,1
2095.png,1
2096.png,1
2097.png,1
2098.png,1
2099.png,1
2100.png,1
2101.png,1
2102.png,1
2103.png,1
2104.png,1
2105.png,1
2106.png,1
2107.png,1
2108.png,1
2109.png,1
2110.png,1
2111.png,1
2112.png,1
2113.png,1
2114.png,1
2115.png,1
2116.png,1
2117.png,1
2118.png,1
2119.png,1
2120.png,1
2121.png,1
2122.png,1
2123.png,1
2124.png,1
2125.png,1
2126.png,1
2127.png,1
2128.png,1
2129.png,1
2130.png,1
2131.png,1
2132.png,1
2133.png,1
2134.png,1
2135.png,1
2136.png,1
2137.png,1
2138.png,1
2139.png,1
2140.png,1
2141.png,1
2142.png,1
2143.png,1
2144.png,1
2145.png,1
2146.png,1
2147.png,1
2148.png,1
2149.png,1
2150.png,1
2151.png,1
2152.png,1
2153.png,1
2154.png,1
2155.png,1
2156.png,1
2157.png,1
2158.png,1
2159.png,1
2160.png,1
2161.png,1
2162.png,1
2163.png,1
2164.png,1
2165.png,1
2166.png,1
2167.png,1
2168.png,1
2169.png,1
2170.png,1
2171.png,1
2172.png,1
2173.png,1
2174.png,1
2175.png,1
2176.png,1
2177.png,1
2178.png,1
2179.png,1
2180.png,1
2181.png,1
2182.png,1
2183.png,1
2184.png,1
2185.png,1
2186.png,1
2187.png,1
2188.png,1
2189.png,1
2190.png,1
2191.png,1
2192.png,1
2193.png,1
2194.png,1
2195.png,1
2196.png,1
2197.png,1
2198.png,1
2199.png,1
2200.png,1
2201.png,1
2202.png,1
2203.png,1
2204.png,1
2205.png,1
2206.png,1
2207.png,1
2208.png,1
2209.png,1
2210.png,1
2211.png,1
2212.png,1
2213.png,1
2214.png,1
2215.png,1
2216.png,1
2217.png,1
2218.png,1
2219.png,1
2220.png,1
2221.png,1
2222.png,1
2223.png,1
2224.png,1
2225.png,1
2226.png,1
2227.png,1
2228.png,1
2229.png,1
2230.png,1
2231.png,1
2232.png,1
2233.png,1
2234.png,1
2235.png,1
2236.png,1
2237.png,1
2238.png,1
2239.png,1
2240.png,1
2241.png,1
2242.png,1
2243.png,1
2244.png,1
2245.png,1
2246.png,1
2247.png,1
2248.png,1
2249.png,1
2250.png,1
2251.png,1
2252.png,1
2253.png,1
2254.png,1
2255.png,1
2256.png,1
2257.png,1
2258.png,1
2259.png,1
2260.png,1
2261.png,1
2262.png,1
2263.png,1
2264.png,1
2265.png,1
2266.png,1
2267.png,1
2268.png,1
2269.png,1
2270.png,1
2271.png,1
2272.png,1
2273.png,1
2274.png,1
2275.png,1
2276.png,1
2277.png,1
2278.png,1
2279.png,1
2280.png,1
2281.png,1
2282.png,1
2283.png,1
2284.png,1
2285.png,1
2286.png,1
2287.png,1
2288.png,1
2289.png,1
2290.png,1
2291.png,1
2292.png,1
2293.png,1
2294.png,1
2295.png,1
2296.png,1
2297.png,1
2298.png,1
2299.png,1
2300.png,1
2301.png,1
2302.png,1
2303.png,1
2304.png,1
2305.png,1
2306.png,1
2307.png,1
2308.png,1
2309.png,1
2310.png,1
2311.png,1
2312.png,1
2313.png,1
2314.png,1
2315.png,1
2316.png,1
2317.png,1
2318.png,1
2319.png,1
2320.png,1
2321.png,1
2322.png,1
2323.png,1
2324.png,1
2325.png,1
2326.png,1
2327.png,1
2328.png,1
2329.png,1
2330.png,1
2331.png,1
2332.png,1
2333.png,1
2334.png,1
2335.png,1
2336.png,1
2337.png,1
2338.png,1
2339.png,1
2340.png,1
2341.png,1
2342.png,1
2343.png,1
2344.png,1
2345.png,1
2346.png,1
2347.png,1
2348.png,1
2349.png,1
2350.png,1
2351.png,1
2352.png,1
2353.png,1
2354.png,1
2355.png,1
2356.png,1
2357.png,1
2358.png,1
2359.png,1
2360.png,1
2361.png,1
2362.png,1
2363.png,1
2364.png,1
2365.png,1
2366.png,1
2367.png,1
2368.png,1
2369.png,1
2370.png,1
2371.png,1
2372.png,1
2373.png,1
2374.png,1
2375.png,1
2376.png,1
2377.png,1
2378.png,1
2379.png,1
2380.png,1
2381.png,1
2382.png,1
2383.png,1
2384.png,1
2385.png,1
2386.png,1
2387.png,1
2388.png,1
2389.png,1
2390.png,1
2391.png,1
2392.png,1
2393.png,1
2394.png,1
2395.png,1
2396.png,1
2397.png,1
2398.png,1
2399.png,1
2400.png,1
2401.png,1
2402.png,1
2403.png,1
2404.png,1
2405.png,1
2406.png,1
2407.png,1
2408.png,1
2409.png,1
2410.png,1
2411.png,1
2412.png,1
2413.png,1
2414.png,1
2415.png,1
2416.png,1
2417.png,1
2418.png,1
2419.png,1
2420.png,1
2421.png,1
2422.png,1
2423.png,1
2424.png,1
2425.png,1
2426.png,1
2427.png,1
2428.png,1
2429.png,1
2430.png,1
2431.png,1
2432.png,1
2433.png,1
2434.png,1
2435.png,1
2436.png,1
2437.png,1
2438.png,1
2439.png,1
2440.png,1
2441.png,1
2442.png,1
2443.png,1
2444.png,1
2445.png,1
2446.png,1
2447.png,1
2448.png,1
2449.png,1
2450.png,1
2451.png,1
2452.png,1
2453.png,1
2454.png,1
2455.png,1
2456.png,1
2457.png,1
2458.png,1
2459.png,1
2460.png,1
2461.png,1
2462.png,1
2463.png,1
2464.png,1
2465.png,1
2466.png,1
2467.png,1
2468.png,1
2469.png,1
2470.png,1
2471.png,1
2472.png,1
2473.png,1
2474.png,1
2475.png,1
2476.png,1
2477.png,1
2478.png,1
2479.png,1
2480.png,1
2481.png,1
2482.png,1
2483.png,1
2484.png,1
2485.png,1
2486.png,1
2487.png,1
2488.png,1
2489.png,1
2490.png,1
2491.png,1
2492.png,1
2493.png,1
2494.png,1
2495.png,1
2496.png,1
2497.png,1
2498.png,1
2499.png,1
2500.png,1
2501.png,1
2502.png,1
2503.png,1
2504.png,1
2505.png,1
2506.png,1
2507.png,1
2508.png,1
2509.png,1
2510.png,1
2511.png,1
2512.png,1
2513.png,1
2514.png,1
2515.png,1
2516.png,1
2517.png,1
2518.png,1
2519.png,1
2520.png,1
2521.png,1
2522.png,1
2523.png,1
2524.png,1
2525.png,1
2526.png,1
2527.png,1
2528.png,1
2529.png,1
2530.png,1
2531.png,1
2532.png,1
2533.png,1
2534.png,1
2535.png,1
2536.png,1
2537.png,1
2538.png,1
2539.png,1
2540.png,1
2541.png,1
2542.png,1
2543.png,1
2544.png,1
2545.png,1
2546.png,1
2547.png,1
2548.png,1
2549.png,1
2550.png,1
2551.png,1
2552.png,1
2553.png,1
2554.png,1
2555.png,1
2556.png,1
2557.png,1
2558.png,1
2559.png,1
2560.png,1
2561.png,1
2562.png,1
2563.png,1
2564.png,1
2565.png,1
2566.png,1
2567.png,1
2568.png,1
2569.png,1
2570.png,1
2571.png,1
2572.png,1
2573.png,1
2574.png,1
2575.png,1
2576.png,1
2577.png,1
2578.png,1
2579.png,1
2580.png,1
2581.png,1
2582.png,1
2583.png,1
2584.png,1
2585.png,1
2586.png,1
2587.png,1
2588.png,1
2589.png,1
2590.png,1
2591.png,1
2592.png,1
2593.png,1
2594.png,1
2595.png,1
2596.png,1
2597.png,1
2598.png,1
2599.png,1
2600.png,1
2601.png,1
2602.png,1
2603.png,1
2604.png,1
2605.png,1
2606.png,1
2607.png,1
2608.png,1
2609.png,1
2610.png,1
2611.png,1
2612.png,1
2613.png,1
2614.png,1
2615.png,1
2616.png,1
2617.png,1
2618.png,1
2619.png,1
2620.png,1
2621.png,1
2622.png,1
2623.png,1
2624.png,1
2625.png,1
2626.png,1
2627.png,1
2628.png,1
2629.png,1
2630.png,1
2631.png,1
2632.png,1
2633.png,1
2634.png,1
2635.png,1
2636.png,1
2637.png,1
2638.png,1
2639.png,1
2640.png,1
2641.png,1
2642.png,1
2643.png,1
2644.png,1
2645.png,1
2646.png,1
2647.png,1
2648.png,1
2649.png,1
2650.png,1
2651.png,1
2652.png,1
2653.png,1
2654.png,1
2655.png,1
2656.png,1
2657.png,1
2658.png,1
2659.png,1
2660.png,1
2661.png,1
2662.png,1
2663.png,1
2664.png,1
2665.png,1
2666.png,1
2667.png,1
2668.png,1
2669.png,1
2670.png,1
2671.png,1
2672.png,1
2673.png,1
2674.png,1
2675.png,1
2676.png,1
2677.png,1
2678.png,1
2679.png,1
2680.png,1
2681.png,1
2682.png,1
2683.png,1
2684.png,1
2685.png,1
2686.png,1
2687.png,1
2688.png,1
2689.png,1
2690.png,1
2691.png,1
2692.png,1
2693.png,1
2694.png,1
2695.png,1
2696.png,1
2697.png,1
2698.png,1
2699.png,1
2700.png,1
2701.png,1
2702.png,1
2703.png,1
2704.png,1
2705.png,1
2706.png,1
2707.png,1
2708.png,1
2709.png,1
2710.png,1
2711.png,1
2712.png,1
2713.png,1
2714.png,1
2715.png,1
2716.png,1
2717.png,1
2718.png,1
2719.png,1
2720.png,1
2721.png,1
2722.png,1
2723.png,1
2724.png,1
2725.png,1
2726.png,1
2727.png,1
2728.png,1
2729.png,1
2730.png,1
2731.png,1
2732.png,1
2733.png,1
2734.png,1
2735.png,1
2736.png,1
2737.png,1
2738.png,1
2739.png,1
2740.png,1
2741.png,1
2742.png,1
2743.png,1
2744.png,1
2745.png,1
2746.png,1
2747.png,1
2748.png,1
2749.png,1
2750.png,1
2751.png,1
2752.png,1
2753.png,1
2754.png,1
2755.png,1
2756.png,1
2757.png,1
2758.png,1
2759.png,1
2760.png,1
2761.png,1
2762.png,1
2763.png,1
2764.png,1
2765.png,1
2766.png,1
2767.png,1
2768.png,1
2769.png,1
2770.png,1
2771.png,1
2772.png,1
2773.png,1
2774.png,1
2775.png,1
2776.png,1
2777.png,1
2778.png,1
2779.png,1
2780.png,1
2781.png,1
2782.png,1
2783.png,1
2784.png,1
2785.png,1
2786.png,1
2787.png,1
2788.png,1
2789.png,1
2790.png,1
2791.png,1
2792.png,1
2793.png,1
2794.png,1
2795.png,1
2796.png,1
2797.png,1
2798.png,1
2799.png,1
2800.png,1
2801.png,1
2802.png,1
2803.png,1
2804.png,1
2805.png,1
2806.png,1
2807.png,1
2808.png,1
2809.png,1
2810.png,1
2811.png,1
2812.png,1
2813.png,1
2814.png,1
2815.png,1
2816.png,1
2817.png,1
2818.png,1
2819.png,1
2820.png,1
2821.png,1
2822.png,1
2823.png,1
2824.png,1
2825.png,1
2826.png,1
2827.png,1
2828.png,1
2829.png,1
2830.png,1
2831.png,1
2832.png,1
2833.png,1
2834.png,1
2835.png,1
2836.png,1
2837.png,1
2838.png,1
2839.png,1
2840.png,1
2841.png,1
2842.png,1
2843.png,1
2844.png,1
2845.png,1
2846.png,1
2847.png,1
2848.png,1
2849.png,1
2850.png,1
2851.png,1
2852.png,1
2853.png,1
2854.png,1
2855.png,1
2856.png,1
2857.png,1
2858.png,1
2859.png,1
2860.png,1
2861.png,1
2862.png,1
2863.png,1
2864.png,1
2865.png,1
2866.png,1
2867.png,1
2868.png,1
2869.png,1
2870.png,1
2871.png,1
2872.png,1
2873.png,1
2874.png,1
2875.png,1
2876.png,1
2877.png,1
2878.png,1
2879.png,1
2880.png,1
2881.png,1
2882.png,1
2883.png,1
2884.png,1
2885.png,1
2886.png,1
2887.png,1
2888.png,1
2889.png,1
2890.png,1
2891.png,1
2892.png,1
2893.png,1
2894.png,1
2895.png,1
2896.png,1
2897.png,1
2898.png,1
2899.png,1
2900.png,1
2901.png,1
2902.png,1
2903.png,1
2904.png,1
2905.png,1
2906.png,1
2907.png,1
2908.png,1
2909.png,1
2910.png,1
2911.png,1
2912.png,1
2913.png,1
2914.png,1
2915.png,1
2916.png,1
2917.png,1
2918.png,1
2919.png,1
2920.png,1
2921.png,1
2922.png,1
2923.png,1
2924.png,1
2925.png,1
2926.png,1
2927.png,1
2928.png,1
2929.png,1
2930.png,1
2931.png,1
2932.png,1
2933.png,1
2934.png,1
2935.png,1
2936.png,1
2937.png,1
2938.png,1
2939.png,1
2940.png,1
2941.png,1
2942.png,1
2943.png,1
2944.png,1
2945.png,1
2946.png,1
2947.png,1
2948.png,1
2949.png,1
2950.png,1
2951.png,1
2952.png,1
2953.png,1
2954.png,1
2955.png,1
2956.png,1
2957.png,1
2958.png,1
2959.png,1
2960.png,1
2961.png,1
2962.png,1
2963.png,1
2964.png,1
2965.png,1
2966.png,1
2967.png,1
2968.png,1
2969.png,1
2970.png,1
2971.png,1
2972.png,1
2973.png,1
2974.png,1
2975.png,1
2976.png,1
2977.png,1
2978.png,1
2979.png,1
2980.png,1
2981.png,1
2982.png,1
2983.png,1
2984.png,1
2985.png,1
2986.png,1
2987.png,1
2988.png,1
2989.png,1
2990.png,1
2991.png,1
2992.png,1
2993.png,1
2994.png,1
2995.png,1
2996.png,1
2997.png,1
2998.png,1
2999.png,1
3000.png,1
3001.png,1
3002.png,1
3003.png,1
3004.png,1
3005.png,1
3006.png,1
3007.png,1
3008.png,1
3009.png,1
3010.png,1
3011.png,1
3012.png,1
3013.png,1
3014.png,1
3015.png,1
3016.png,1
3017.png,1
3018.png,1
3019.png,1
3020.png,1
3021.png,1
3022.png,1
3023.png,1
3024.png,1
3025.png,1
3026.png,1
3027.png,1
3028.png,1
3029.png,1
3030.png,1
3031.png,1
3032.png,1
3033.png,1
3034.png,1
3035.png,1
3036.png,1
3037.png,1
3038.png,1
3039.png,1
3040.png,1
3041.png,1
3042.png,1
3043.png,1
3044.png,1
3045.png,1
3046.png,1
3047.png,1
3048.png,1
3049.png,1
3050.png,1
3051.png,1
3052.png,1
3053.png,1
3054.png,1
3055.png,1
3056.png,1
3057.png,1
3058.png,1
3059.png,1
3060.png,1
3061.png,1
3062.png,1
3063.png,1
3064.png,1
3065.png,1
3066.png,1
3067.png,1
3068.png,1
3069.png,1
3070.png,1
3071.png,1
3072.png,1
3073.png,1
3074.png,1
3075.png,1
3076.png,1
3077.png,1
3078.png,1
3079.png,1
3080.png,1
3081.png,1
3082.png,1
3083.png,1
3084.png,1
3085.png,1
3086.png,1
3087.png,1
3088.png,1
3089.png,1
3090.png,1
3091.png,1
3092.png,1
3093.png,1
3094.png,1
3095.png,1
3096.png,1
3097.png,1
3098.png,1
3099.png,1
3100.png,1
3101.png,1
3102.png,1
3103.png,1
3104.png,1
3105.png,1
3106.png,1
3107.png,1
3108.png,1
3109.png,1
3110.png,1
3111.png,1
3112.png,1
3113.png,1
3114.png,1
3115.png,1
3116.png,1
3117.png,1
3118.png,1
3119.png,1
3120.png,1
3121.png,1
3122.png,1
3123.png,1
3124.png,1
3125.png,1
3126.png,1
3127.png,1
3128.png,1
3129.png,1
3130.png,1
3131.png,1
3132.png,1
3133.png,1
3134.png,1
3135.png,1
3136.png,1
3137.png,1
3138.png,1
3139.png,1
3140.png,1
3141.png,1
3142.png,1
3143.png,1
3144.png,1
3145.png,1
3146.png,1
3147.png,1
3148.png,1
3149.png,1
3150.png,1
3151.png,1
3152.png,1
3153.png,1
3154.png,1
3155.png,1
3156.png,1
3157.png,1
3158.png,1
3159.png,1
3160.png,1
3161.png,1
3162.png,1
3163.png,1
3164.png,1
3165.png,1
3166.png,1
3167.png,1
3168.png,1
3169.png,1
3170.png,1
3171.png,1
3172.png,1
3173.png,1
3174.png,1
3175.png,1
3176.png,1
3177.png,1
3178.png,1
3179.png,1
3180.png,1
3181.png,1
3182.png,1
3183.png,1
3184.png,1
3185.png,1
3186.png,1
3187.png,1
3188.png,1
3189.png,1
3190.png,1
3191.png,1
3192.png,1
3193.png,1
3194.png,1
3195.png,1
3196.png,1
3197.png,1
3198.png,1
3199.png,1
3200.png,1
3201.png,1
3202.png,1
3203.png,1
3204.png,1
3205.png,1
3206.png,1
3207.png,1
3208.png,1
3209.png,1
3210.png,1
3211.png,1
3212.png,1
3213.png,1
3214.png,1
3215.png,1
3216.png,1
3217.png,1
3218.png,1
3219.png,1
3220.png,1
3221.png,1
3222.png,1
3223.png,1
3224.png,1
3225.png,1
3226.png,1
3227.png,1
3228.png,1
3229.png,1
3230.png,1
3231.png,1
3232.png,1
3233.png,1
3234.png,1
3235.png,1
3236.png,1
3237.png,1
3238.png,1
3239.png,1
3240.png,1
3241.png,1
3242.png,1
3243.png,1
3244.png,1
3245.png,1
3246.png,1
3247.png,1
3248.png,1
3249.png,1
3250.png,1
3251.png,1
3252.png,1
3253.png,1
3254.png,1
3255.png,1
3256.png,1
3257.png,1
3258.png,1
3259.png,1
3260.png,1
3261.png,1
3262.png,1
3263.png,1
3264.png,1
3265.png,1
3266.png,1
3267.png,1
3268.png,1
3269.png,1
3270.png,1
3271.png,1
3272.png,1
3273.png,1
3274.png,1
3275.png,1
3276.png,1
3277.png,1
3278.png,1
3279.png,1
3280.png,1
3281.png,1
3282.png,1
3283.png,1
3284.png,1
3285.png,1
3286.png,1
3287.png,1
3288.png,1
3289.png,1
3290.png,1
3291.png,1
3292.png,1
3293.png,1
3294.png,1
3295.png,1
3296.png,1
3297.png,1
3298.png,1
3299.png,1
3300.png,1
3301.png,1
3302.png,1
3303.png,1
3304.png,1
3305.png,1
3306.png,1
3307.png,1
3308.png,1
3309.png,1
3310.png,1
3311.png,1
3312.png,1
3313.png,1
3314.png,1
3315.png,1
3316.png,1
3317.png,1
3318.png,1
3319.png,1
3320.png,1
3321.png,1
3322.png,1
3323.png,1
3324.png,1
3325.png,1
3326.png,1
3327.png,1
3328.png,1
3329.png,1
3330.png,1
3331.png,1
3332.png,1
3333.png,1
3334.png,1
3335.png,1
3336.png,1
3337.png,1
3338.png,1
3339.png,1
3340.png,1
3341.png,1
3342.png,1
3343.png,1
3344.png,1
3345.png,1
3346.png,1
3347.png,1
3348.png,1
3349.png,1
3350.png,1
3351.png,1
3352.png,1
3353.png,1
3354.png,1
3355.png,1
3356.png,1
3357.png,1
3358.png,1
3359.png,1
3360.png,1
3361.png,1
3362.png,1
3363.png,1
3364.png,1
3365.png,1
3366.png,1
3367.png,1
3368.png,1
3369.png,1
3370.png,1
3371.png,1
3372.png,1
3373.png,1
3374.png,1
3375.png,1
3376.png,1
3377.png,1
3378.png,1
3379.png,1
3380.png,1
3381.png,1
3382.png,1
3383.png,1
3384.png,1
3385.png,1
3386.png,1
3387.png,1
3388.png,1
3389.png,1
3390.png,1
3391.png,1
3392.png,1
3393.png,1
3394.png,1
3395.png,1
3396.png,1
3397.png,1
3398.png,1
3399.png,1
3400.png,1
3401.png,1
3402.png,1
3403.png,1
3404.png,1
3405.png,1
3406.png,1
3407.png,1
3408.png,1
3409.png,1
3410.png,1
3411.png,1
3412.png,1
3413.png,1
3414.png,1
3415.png,1
3416.png,1
3417.png,1
3418.png,1
3419.png,1
3420.png,1
3421.png,1
3422.png,1
3423.png,1
3424.png,1
3425.png,1
3426.png,1
3427.png,1
3428.png,1
3429.png,1
3430.png,1
3431.png,1
3432.png,1
3433.png,1
3434.png,1
3435.png,1
3436.png,1
3437.png,1
3438.png,1
3439.png,1
3440.png,1
3441.png,1
3442.png,1
3443.png,1
3444.png,1
3445.png,1
3446.png,1
3447.png,1
3448.png,1
3449.png,1
3450.png,1
3451.png,1
3452.png,1
3453.png,1
3454.png,1
3455.png,1
3456.png,1
3457.png,1
3458.png,1
3459.png,1
3460.png,1
3461.png,1
3462.png,1
3463.png,1
3464.png,1
3465.png,1
3466.png,1
3467.png,1
3468.png,1
3469.png,1
3470.png,1
3471.png,1
3472.png,1
3473.png,1
3474.png,1
3475.png,1
3476.png,1
3477.png,1
3478.png,1
3479.png,1
3480.png,1
3481.png,1
3482.png,1
3483.png,1
3484.png,1
3485.png,1
3486.png,1
3487.png,1
3488.png,1
3489.png,1
3490.png,1
3491.png,1
3492.png,1
3493.png,1
3494.png,1
3495.png,1
3496.png,1
3497.png,1
3498.png,1
3499.png,1
3500.png,1
3501.png,1
3502.png,1
3503.png,1
3504.png,1
3505.png,1
3506.png,1
3507.png,1
3508.png,1
3509.png,1
3510.png,1
3511.png,1
3512.png,1
3513.png,1
3514.png,1
3515.png,1
3516.png,1
3517.png,1
3518.png,1
3519.png,1
3520.png,1
3521.png,1
3522.png,1
3523.png,1
3524.png,1
3525.png,1
3526.png,1
3527.png,1
3528.png,1
3529.png,1
3530.png,1
3531.png,1
3532.png,1
3533.png,1
3534.png,1
3535.png,1
3536.png,1
3537.png,1
3538.png,1
3539.png,1
3540.png,1
3541.png,1
3542.png,1
3543.png,1
3544.png,1
3545.png,1
3546.png,1
3547.png,1
3548.png,1
3549.png,1
3550.png,1
3551.png,1
3552.png,1
3553.png,1
3554.png,1
3555.png,1
3556.png,1
3557.png,1
3558.png,1
3559.png,1
3560.png,1
3561.png,1
3562.png,1
3563.png,1
3564.png,1
3565.png,1
3566.png,1
3567.png,1
3568.png,1
3569.png,1
3570.png,1
3571.png,1
3572.png,1
3573.png,1
3574.png,1
3575.png,1
3576.png,1
3577.png,1
3578.png,1
3579.png,1
3580.png,1
3581.png,1
3582.png,1
3583.png,1
3584.png,1
3585.png,1
3586.png,1
3587.png,1
3588.png,1
3589.png,1
3590.png,1
3591.png,1
3592.png,1
3593.png,1
3594.png,1
3595.png,1
3596.png,1
3597.png,1
3598.png,1
3599.png,1
3600.png,1
3601.png,1
3602.png,1
3603.png,1
3604.png,1
3605.png,1
3606.png,1
3607.png,1
3608.png,1
3609.png,1
3610.png,1
3611.png,1
3612.png,1
3613.png,1
3614.png,1
3615.png,1
3616.png,1
3617.png,1
3618.png,1
3619.png,1
3620.png,1
3621.png,1
3622.png,1
3623.png,1
3624.png,1
3625.png,1
3626.png,1
3627.png,1
3628.png,1
3629.png,1
3630.png,1
3631.png,1
3632.png,1
3633.png,1
3634.png,1
3635.png,1
3636.png,1
3637.png,1
3638.png,1
3639.png,1
3640.png,1
3641.png,1
3642.png,1
3643.png,1
3644.png,1
3645.png,1
3646.png,1
3647.png,1
3648.png,1
3649.png,1
3650.png,1
3651.png,1
3652.png,1
3653.png,1
3654.png,1
3655.png,1
3656.png,1
3657.png,1
3658.png,1
3659.png,1
3660.png,1
3661.png,1
3662.png,1
3663.png,1
3664.png,1
3665.png,1
3666.png,1
3667.png,1
3668.png,1
3669.png,1
3670.png,1
3671.png,1
3672.png,1
3673.png,1
3674.png,1
3675.png,1
3676.png,1
3677.png,1
3678.png,1
3679.png,1
3680.png,1
3681.png,1
3682.png,1
3683.png,1
3684.png,1
3685.png,1
3686.png,1
3687.png,1
3688.png,1
3689.png,1
3690.png,1
3691.png,1
3692.png,1
3693.png,1
3694.png,1
3695.png,1
3696.png,1
3697.png,1
3698.png,1
3699.png,1
3700.png,1
3701.png,1
3702.png,1
3703.png,1
3704.png,1
3705.png,1
3706.png,1
3707.png,1
3708.png,1
3709.png,1
3710.png,1
3711.png,1
3712.png,1
3713.png,1
3714.png,1
3715.png,1
3716.png,1
3717.png,1
3718.png,1
3719.png,1
3720.png,1
3721.png,1
3722.png,1
3723.png,1
3724.png,1
3725.png,1
3726.png,1
3727.png,1
3728.png,1
3729.png,1
3730.png,1
3731.png,1
3732.png,1
3733.png,1
3734.png,1
3735.png,1
3736.png,1
3737.png,1
3738.png,1
3739.png,1
3740.png,1
3741.png,1
3742.png,1
3743.png,1
3744.png,1
3745.png,1
3746.png,1
3747.png,1
3748.png,1
3749.png,1
3750.png,1
3751.png,1
3752.png,1
3753.png,1
3754.png,1
3755.png,1
3756.png,1
3757.png,1
3758.png,1
3759.png,1
3760.png,1
3761.png,1
3762.png,1
3763.png,1
3764.png,1
3765.png,1
3766.png,1
3767.png,1
3768.png,1
3769.png,1
3770.png,1
3771.png,1
3772.png,1
3773.png,1
3774.png,1
3775.png,1
3776.png,1
3777.png,1
3778.png,1
3779.png,1
3780.png,1
3781.png,1
3782.png,1
3783.png,1
3784.png,1
3785.png,1
3786.png,1
3787.png,1
3788.png,1
3789.png,1
3790.png,1
3791.png,1
3792.png,1
3793.png,1
3794.png,1
3795.png,1
3796.png,1
3797.png,1
3798.png,1
3799.png,1
3800.png,1
3801.png,1
3802.png,1
3803.png,1
3804.png,1
3805.png,1
3806.png,1
3807.png,1
3808.png,1
3809.png,1
3810.png,1
3811.png,1
3812.png,1
3813.png,1
3814.png,1
3815.png,1
3816.png,1
3817.png,1
3818.png,1
3819.png,1
3820.png,1
3821.png,1
3822.png,1
3823.png,1
3824.png,1
3825.png,1
3826.png,1
3827.png,1
3828.png,1
3829.png,1
3830.png,1
3831.png,1
3832.png,1
3833.png,1
3834.png,1
3835.png,1
3836.png,1
3837.png,1
3838.png,1
3839.png,1
3840.png,1
3841.png,1
3842.png,1
3843.png,1
3844.png,1
3845.png,1
3846.png,1
3847.png,1
3848.png,1
3849.png,1
3850.png,1
3851.png,1
3852.png,1
3853.png,1
3854.png,1
3855.png,1
3856.png,1
3857.png,1
3858.png,1
3859.png,1
3860.png,1
3861.png,1
3862.png,1
3863.png,1
3864.png,1
3865.png,1
3866.png,1
3867.png,1
3868.png,1
3869.png,1
3870.png,1
3871.png,1
3872.png,1
3873.png,1
3874.png,1
3875.png,1
3876.png,1
3877.png,1
3878.png,1
3879.png,1
3880.png,1
3881.png,1
3882.png,1
3883.png,1
3884.png,1
3885.png,1
3886.png,1
3887.png,1
3888.png,1
3889.png,1
3890.png,1
3891.png,1
3892.png,1
3893.png,1
3894.png,1
3895.png,1
3896.png,1
3897.png,1
3898.png,1
3899.png,1
3900.png,1
3901.png,1
3902.png,1
3903.png,1
3904.png,1
3905.png,1
3906.png,1
3907.png,1
3908.png,1
3909.png,1
3910.png,1
3911.png,1
3912.png,1
3913.png,1
3914.png,1
3915.png,1
3916.png,1
3917.png,1
3918.png,1
3919.png,1
3920.png,1
3921.png,1
3922.png,1
3923.png,1
3924.png,1
3925.png,1
3926.png,1
3927.png,1
3928.png,1
3929.png,1
3930.png,1
3931.png,1
3932.png,1
3933.png,1
3934.png,1
3935.png,1
3936.png,1
3937.png,1
3938.png,1
3939.png,1
3940.png,1
3941.png,1
3942.png,1
3943.png,1
3944.png,1
3945.png,1
3946.png,1
3947.png,1
3948.png,1
3949.png,1
3950.png,1
3951.png,1
3952.png,1
3953.png,1
3954.png,1
3955.png,1
3956.png,1
3957.png,1
3958.png,1
3959.png,1
3960.png,1
3961.png,1
3962.png,1
3963.png,1
3964.png,1
3965.png,1
3966.png,1
3967.png,1
3968.png,1
3969.png,1
3970.png,1
3971.png,1
3972.png,1
3973.png,1
3974.png,1
3975.png,1
3976.png,1
3977.png,1
3978.png,1
3979.png,1
3980.png,1
3981.png,1
3982.png,1
3983.png,1
3984.png,1
3985.png,1
3986.png,1
3987.png,1
3988.png,1
3989.png,1
3990.png,1
3991.png,1
3992.png,1
3993.png,1
3994.png,1
3995.png,1
3996.png,1
3997.png,1
3998.png,1
3999.png,1
4000.png,1
4001.png,1
4002.png,1
4003.png,1
4004.png,1
4005.png,1
4006.png,1
4007.png,1
4008.png,1
4009.png,1
4010.png,1
4011.png,1
4012.png,1
4013.png,1
4014.png,1
4015.png,1
4016.png,1
4017.png,1
4018.png,1
4019.png,1
4020.png,1
4021.png,1
4022.png,1
4023.png,1
4024.png,1
4025.png,1
4026.png,1
4027.png,1
4028.png,1
4029.png,1
4030.png,1
4031.png,1
4032.png,1
4033.png,1
4034.png,1
4035.png,1
4036.png,1
4037.png,1
4038.png,1
4039.png,1
4040.png,1
4041.png,1
4042.png,1
4043.png,1
4044.png,1
4045.png,1
4046.png,1
4047.png,1
4048.png,1
4049.png,1
4050.png,1
4051.png,1
4052.png,1
4053.png,1
4054.png,1
4055.png,1
4056.png,1
4057.png,1
4058.png,1
4059.png,1
4060.png,1
4061.png,1
4062.png,1
4063.png,1
4064.png,1
4065.png,1
4066.png,1
4067.png,1
4068.png,1
4069.png,1
4070.png,1
4071.png,1
4072.png,1
4073.png,1
4074.png,1
4075.png,1
4076.png,1
4077.png,1
4078.png,1
4079.png,1
4080.png,1
4081.png,1
4082.png,1
4083.png,1
4084.png,1
4085.png,1
4086.png,1
4087.png,1
4088.png,1
4089.png,1
4090.png,1
4091.png,1
4092.png,1
4093.png,1
4094.png,1
4095.png,1
4096.png,1
4097.png,1
4098.png,1
4099.png,1
4100.png,1
4101.png,1
4102.png,1
4103.png,1
4104.png,1
4105.png,1
4106.png,1
4107.png,1
4108.png,1
4109.png,1
4110.png,1
4111.png,1
4112.png,1
4113.png,1
4114.png,1
4115.png,1
4116.png,1
4117.png,1
4118.png,1
4119.png,1
4120.png,1
4121.png,1
4122.png,1
4123.png,1
4124.png,1
4125.png,1
4126.png,1
4127.png,1
4128.png,1
4129.png,1
4130.png,1
4131.png,1
4132.png,1
4133.png,1
4134.png,1
4135.png,1
4136.png,1
4137.png,1
4138.png,1
4139.png,1
4140.png,1
4141.png,1
4142.png,1
4143.png,1
4144.png,1
4145.png,1
4146.png,1
4147.png,1
4148.png,1
4149.png,1
4150.png,1
4151.png,1
4152.png,1
4153.png,1
4154.png,1
4155.png,1
4156.png,1
4157.png,1
4158.png,1
4159.png,1
4160.png,1
4161.png,1
4162.png,1
4163.png,1
4164.png,1
4165.png,1
4166.png,1
4167.png,1
4168.png,1
4169.png,1
4170.png,1
4171.png,1
4172.png,1
4173.png,1
4174.png,1
4175.png,1
4176.png,1
4177.png,1
4178.png,1
4179.png,1
4180.png,1
4181.png,1
4182.png,1
4183.png,1
4184.png,1
4185.png,1
4186.png,1
4187.png,1
4188.png,1
4189.png,1
4190.png,1
4191.png,1
4192.png,2
4193.png,2
4194.png,2
4195.png,2
4196.png,2
4197.png,2
4198.png,2
4199.png,2
4200.png,2
4201.png,2
4202.png,2
4203.png,2
4204.png,2
4205.png,2
4206.png,2
4207.png,2
4208.png,2
4209.png,2
4210.png,2
4211.png,2
4212.png,2
4213.png,2
4214.png,2
4215.png,2
4216.png,2
4217.png,2
4218.png,2
4219.png,2
4220.png,2
4221.png,2
4222.png,2
4223.png,2
4224.png,2
4225.png,2
4226.png,2
4227.png,2
4228.png,2
4229.png,2
4230.png,2
4231.png,2
4232.png,2
4233.png,2
4234.png,2
4235.png,2
4236.png,2
4237.png,2
4238.png,2
4239.png,2
4240.png,2
4241.png,2
4242.png,2
4243.png,2
4244.png,2
4245.png,2
4246.png,2
4247.png,2
4248.png,2
4249.png,2
4250.png,2
4251.png,2
4252.png,2
4253.png,2
4254.png,2
4255.png,2
4256.png,2
4257.png,2
4258.png,2
4259.png,2
4260.png,2
4261.png,2
4262.png,2
4263.png,2
4264.png,2
4265.png,2
4266.png,2
4267.png,2
4268.png,2
4269.png,2
4270.png,2
4271.png,2
4272.png,2
4273.png,2
4274.png,2
4275.png,2
4276.png,2
4277.png,2
4278.png,2
4279.png,2
4280.png,2
4281.png,2
4282.png,2
4283.png,2
4284.png,2
4285.png,2
4286.png,2
4287.png,2
4288.png,2
4289.png,2
4290.png,2
4291.png,2
4292.png,2
4293.png,2
4294.png,2
4295.png,2
4296.png,2
4297.png,2
4298.png,2
4299.png,2
4300.png,2
4301.png,2
4302.png,2
4303.png,2
4304.png,2
4305.png,2
4306.png,2
4307.png,2
4308.png,2
4309.png,2
4310.png,2
4311.png,2
4312.png,2
4313.png,2
4314.png,2
4315.png,2
4316.png,2
4317.png,2
4318.png,2
4319.png,2
4320.png,2
4321.png,2
4322.png,2
4323.png,2
4324.png,2
4325.png,2
4326.png,2
4327.png,2
4328.png,2
4329.png,2
4330.png,2
4331.png,2
4332.png,2
4333.png,2
4334.png,2
4335.png,2
4336.png,2
4337.png,2
4338.png,2
4339.png,2
4340.png,2
4341.png,2
4342.png,2
4343.png,2
4344.png,2
4345.png,2
4346.png,2
4347.png,2
4348.png,2
4349.png,2
4350.png,2
4351.png,2
4352.png,2
4353.png,2
4354.png,2
4355.png,2
4356.png,2
4357.png,2
4358.png,2
4359.png,2
4360.png,2
4361.png,2
4362.png,2
4363.png,2
4364.png,2
4365.png,2
4366.png,2
4367.png,2
4368.png,2
4369.png,2
4370.png,2
4371.png,2
4372.png,2
4373.png,2
4374.png,2
4375.png,2
4376.png,2
4377.png,2
4378.png,2
4379.png,2
4380.png,2
4381.png,2
4382.png,2
4383.png,2
4384.png,2
4385.png,2
4386.png,2
4387.png,2
4388.png,2
4389.png,2
4390.png,2
4391.png,2
4392.png,2
4393.png,2
4394.png,2
4395.png,2
4396.png,2
4397.png,2
4398.png,2
4399.png,2
4400.png,2
4401.png,2
4402.png,2
4403.png,2
4404.png,2
4405.png,2
4406.png,2
4407.png,2
4408.png,2
4409.png,2
4410.png,2
4411.png,2
4412.png,2
4413.png,2
4414.png,2
4415.png,2
4416.png,2
4417.png,2
4418.png,2
4419.png,2
4420.png,2
4421.png,2
4422.png,2
4423.png,2
4424.png,2
4425.png,2
4426.png,2
4427.png,2
4428.png,2
4429.png,2
4430.png,2
4431.png,2
4432.png,2
4433.png,2
4434.png,2
4435.png,2
4436.png,2
4437.png,2
4438.png,2
4439.png,2
4440.png,2
4441.png,2
4442.png,2
4443.png,2
4444.png,2
4445.png,2
4446.png,2
4447.png,2
4448.png,2
4449.png,2
4450.png,2
4451.png,2
4452.png,2
4453.png,2
4454.png,2
4455.png,2
4456.png,2
4457.png,2
4458.png,2
4459.png,2
4460.png,2
4461.png,2
4462.png,2
4463.png,2
4464.png,2
4465.png,2
4466.png,2
4467.png,2
4468.png,2
4469.png,2
4470.png,2
4471.png,2
4472.png,2
4473.png,2
4474.png,2
4475.png,2
4476.png,2
4477.png,2
4478.png,2
4479.png,2
4480.png,2
4481.png,2
4482.png,2
4483.png,2
4484.png,2
4485.png,2
4486.png,2
4487.png,2
4488.png,2
4489.png,2
4490.png,2
4491.png,2
4492.png,2
4493.png,2
4494.png,2
4495.png,2
4496.png,2
4497.png,2
4498.png,2
4499.png,2
4500.png,2
4501.png,2
4502.png,2
4503.png,2
4504.png,2
4505.png,2
4506.png,2
4507.png,2
4508.png,2
4509.png,2
4510.png,2
4511.png,2
4512.png,2
4513.png,2
4514.png,2
4515.png,2
4516.png,2
4517.png,2
4518.png,2
4519.png,2
4520.png,2
4521.png,2
4522.png,2
4523.png,2
4524.png,2
4525.png,2
4526.png,2
4527.png,2
4528.png,2
4529.png,2
4530.png,2
4531.png,2
4532.png,2
4533.png,2
4534.png,2
4535.png,2
4536.png,2
4537.png,2
4538.png,2
4539.png,2
4540.png,2
4541.png,2
4542.png,2
4543.png,2
4544.png,2
4545.png,2
4546.png,2
4547.png,2
4548.png,2
4549.png,2
4550.png,2
4551.png,2
4552.png,2
4553.png,2
4554.png,2
4555.png,2
4556.png,2
4557.png,2
4558.png,2
4559.png,2
4560.png,2
4561.png,2
4562.png,2
4563.png,2
4564.png,2
4565.png,2
4566.png,2
4567.png,2
4568.png,2
4569.png,2
4570.png,2
4571.png,2
4572.png,2
4573.png,2
4574.png,2
4575.png,2
4576.png,2
4577.png,2
4578.png,2
4579.png,2
4580.png,2
4581.png,2
4582.png,2
4583.png,2
4584.png,2
4585.png,2
4586.png,2
4587.png,2
4588.png,2
4589.png,2
4590.png,2
4591.png,2
4592.png,2
4593.png,2
4594.png,2
4595.png,2
4596.png,2
4597.png,2
4598.png,2
4599.png,2
4600.png,2
4601.png,2
4602.png,2
4603.png,2
4604.png,2
4605.png,2
4606.png,2
4607.png,2
4608.png,2
4609.png,2
4610.png,2
4611.png,2
4612.png,2
4613.png,2
4614.png,2
4615.png,2
4616.png,2
4617.png,2
4618.png,2
4619.png,2
4620.png,2
4621.png,2
4622.png,2
4623.png,2
4624.png,2
4625.png,2
4626.png,2
4627.png,2
4628.png,2
4629.png,2
4630.png,2
4631.png,2
4632.png,2
4633.png,2
4634.png,2
4635.png,2
4636.png,2
4637.png,2
4638.png,2
4639.png,2
4640.png,2
4641.png,2
4642.png,2
4643.png,2
4644.png,2
4645.png,2
4646.png,2
4647.png,2
4648.png,2
4649.png,2
4650.png,2
4651.png,2
4652.png,2
4653.png,2
4654.png,2
4655.png,2
4656.png,2
4657.png,2
4658.png,2
4659.png,2
4660.png,2
4661.png,2
4662.png,2
4663.png,2
4664.png,2
4665.png,2
4666.png,2
4667.png,2
4668.png,2
4669.png,2
4670.png,2
4671.png,2
4672.png,2
4673.png,2
4674.png,2
4675.png,2
4676.png,2
4677.png,2
4678.png,2
4679.png,2
4680.png,2
4681.png,2
4682.png,2
4683.png,2
4684.png,2
4685.png,2
4686.png,2
4687.png,2
4688.png,2
4689.png,2
4690.png,2
4691.png,2
4692.png,2
4693.png,2
4694.png,2
4695.png,2
4696.png,2
4697.png,2
4698.png,2
4699.png,2
4700.png,2
4701.png,2
4702.png,2
4703.png,2
4704.png,2
4705.png,2
4706.png,2
4707.png,2
4708.png,2
4709.png,2
4710.png,2
4711.png,2
4712.png,2
4713.png,2
4714.png,2
4715.png,2
4716.png,2
4717.png,2
4718.png,2
4719.png,2
4720.png,2
4721.png,2
4722.png,2
4723.png,2
4724.png,2
4725.png,2
4726.png,2
4727.png,2
4728.png,2
4729.png,2
4730.png,2
4731.png,2
4732.png,2
4733.png,2
4734.png,2
4735.png,2
4736.png,2
4737.png,2
4738.png,2
4739.png,2
4740.png,2
4741.png,2
4742.png,2
4743.png,2
4744.png,2
4745.png,2
4746.png,2
4747.png,2
4748.png,2
4749.png,2
4750.png,2
4751.png,2
4752.png,2
4753.png,2
4754.png,2
4755.png,2
4756.png,2
4757.png,2
4758.png,2
4759.png,2
4760.png,2
4761.png,2
4762.png,2
4763.png,2
4764.png,2
4765.png,2
4766.png,2
4767.png,2
4768.png,2
4769.png,2
4770.png,2
4771.png,2
4772.png,2
4773.png,2
4774.png,2
4775.png,2
4776.png,2
4777.png,2
4778.png,2
4779.png,2
4780.png,2
4781.png,2
4782.png,2
4783.png,2
4784.png,2
4785.png,2
4786.png,2
4787.png,2
4788.png,2
4789.png,2
4790.png,2
4791.png,2
4792.png,2
4793.png,2
4794.png,2
4795.png,2
4796.png,2
4797.png,2
4798.png,2
4799.png,2
4800.png,2
4801.png,2
4802.png,2
4803.png,2
4804.png,2
4805.png,2
4806.png,2
4807.png,2
4808.png,2
4809.png,2
4810.png,2
4811.png,2
4812.png,2
4813.png,2
4814.png,2
4815.png,2
4816.png,2
4817.png,2
4818.png,2
4819.png,2
4820.png,2
4821.png,2
4822.png,2
4823.png,2
4824.png,2
4825.png,2
4826.png,2
4827.png,2
4828.png,2
4829.png,2
4830.png,2
4831.png,2
4832.png,2
4833.png,2
4834.png,2
4835.png,2
4836.png,2
4837.png,2
4838.png,2
4839.png,2
4840.png,2
4841.png,2
4842.png,2
4843.png,2
4844.png,2
4845.png,2
4846.png,2
4847.png,2
4848.png,2
4849.png,2
4850.png,2
4851.png,2
4852.png,2
4853.png,2
4854.png,2
4855.png,2
4856.png,2
4857.png,2
4858.png,2
4859.png,2
4860.png,2
4861.png,2
4862.png,2
4863.png,2
4864.png,2
4865.png,2
4866.png,2
4867.png,2
4868.png,2
4869.png,2
4870.png,2
4871.png,3
4872.png,3
4873.png,3
4874.png,3
4875.png,3
4876.png,3
4877.png,3
4878.png,3
4879.png,3
4880.png,3
4881.png,3
4882.png,3
4883.png,3
4884.png,3
4885.png,3
4886.png,3
4887.png,3
4888.png,3
4889.png,3
4890.png,3
4891.png,3
4892.png,3
4893.png,3
4894.png,3
4895.png,3
4896.png,3
4897.png,3
4898.png,3
4899.png,3
4900.png,3
4901.png,3
4902.png,3
4903.png,3
4904.png,3
4905.png,3
4906.png,3
4907.png,3
4908.png,3
4909.png,3
4910.png,3
4911.png,3
4912.png,3
4913.png,3
4914.png,3
4915.png,3
4916.png,3
4917.png,3
4918.png,3
4919.png,3
4920.png,3
4921.png,3
4922.png,3
4923.png,3
4924.png,3
4925.png,3
4926.png,3
4927.png,3
4928.png,3
4929.png,3
4930.png,3
4931.png,3
4932.png,3
4933.png,3
4934.png,3
4935.png,3
4936.png,3
4937.png,3
4938.png,3
4939.png,3
4940.png,3
4941.png,3
4942.png,3
4943.png,3
4944.png,3
4945.png,3
4946.png,3
4947.png,3
4948.png,3
4949.png,3
4950.png,3
4951.png,3
4952.png,3
4953.png,3
4954.png,3
4955.png,3
4956.png,3
4957.png,3
4958.png,3
4959.png,3
4960.png,3
4961.png,3
4962.png,3
4963.png,3
4964.png,3
4965.png,3
4966.png,3
4967.png,3
4968.png,3
4969.png,3
4970.png,3
4971.png,3
4972.png,3
4973.png,3
4974.png,3
4975.png,3
4976.png,3
4977.png,3
4978.png,3
4979.png,3
4980.png,3
4981.png,3
4982.png,3
4983.png,3
4984.png,3
4985.png,3
4986.png,3
4987.png,3
4988.png,3
4989.png,3
4990.png,3
4991.png,3
4992.png,3
4993.png,3
4994.png,3
4995.png,3
4996.png,3
4997.png,3
4998.png,3
4999.png,3
5000.png,3
5001.png,3
5002.png,3
5003.png,3
5004.png,3
5005.png,3
5006.png,3
5007.png,3
5008.png,3
5009.png,3
5010.png,3
5011.png,3
5012.png,3
5013.png,3
5014.png,3
5015.png,3
5016.png,3
5017.png,3
5018.png,3
5019.png,3
5020.png,3
5021.png,3
5022.png,3
5023.png,3
5024.png,3
5025.png,3
5026.png,3
5027.png,3
5028.png,3
5029.png,3
5030.png,3
5031.png,3
5032.png,3
5033.png,3
5034.png,3
5035.png,3
5036.png,3
5037.png,3
5038.png,3
5039.png,3
5040.png,3
5041.png,3
5042.png,3
5043.png,3
5044.png,3
5045.png,3
5046.png,3
5047.png,3
5048.png,3
5049.png,3
5050.png,3
5051.png,3
5052.png,3
5053.png,3
5054.png,3
5055.png,3
5056.png,3
5057.png,3
5058.png,3
5059.png,3
5060.png,3
5061.png,3
5062.png,3
5063.png,3
5064.png,3
5065.png,3
5066.png,3
5067.png,3
5068.png,3
5069.png,3
5070.png,3
5071.png,3
5072.png,3
5073.png,3
5074.png,3
5075.png,3
5076.png,3
5077.png,3
5078.png,3
5079.png,3
5080.png,3
5081.png,3
5082.png,3
5083.png,3
5084.png,3
5085.png,3
5086.png,3
5087.png,3
5088.png,3
5089.png,3
5090.png,3
5091.png,3
5092.png,3
5093.png,3
5094.png,3
5095.png,3
5096.png,3
5097.png,3
5098.png,3
5099.png,3
5100.png,3
5101.png,3
5102.png,3
5103.png,3
5104.png,3
5105.png,3
5106.png,3
5107.png,3
5108.png,3
5109.png,3
5110.png,3
5111.png,3
5112.png,3
5113.png,3
5114.png,3
5115.png,3
5116.png,3
5117.png,3
5118.png,3
5119.png,3
5120.png,3
5121.png,3
5122.png,3
5123.png,3
5124.png,3
5125.png,3
5126.png,3
5127.png,3
5128.png,3
5129.png,3
5130.png,3
5131.png,3
5132.png,3
5133.png,3
5134.png,3
5135.png,3
5136.png,3
5137.png,3
5138.png,3
5139.png,3
5140.png,3
5141.png,3
5142.png,3
5143.png,3
5144.png,3
5145.png,3
5146.png,3
5147.png,3
5148.png,3
5149.png,3
5150.png,3
5151.png,3
5152.png,3
5153.png,3
5154.png,3
5155.png,3
5156.png,3
5157.png,3
5158.png,3
5159.png,3
5160.png,3
5161.png,3
5162.png,3
5163.png,3
5164.png,3
5165.png,3
5166.png,3
5167.png,3
5168.png,3
5169.png,3
5170.png,3
5171.png,3
5172.png,3
5173.png,3
5174.png,3
5175.png,3
5176.png,3
5177.png,3
5178.png,3
5179.png,3
5180.png,3
5181.png,3
5182.png,3
5183.png,3
5184.png,3
5185.png,3
5186.png,3
5187.png,3
5188.png,3
5189.png,3
5190.png,3
5191.png,3
5192.png,3
5193.png,3
5194.png,3
5195.png,3
5196.png,3
5197.png,3
5198.png,3
5199.png,3
5200.png,3
5201.png,3
5202.png,3
5203.png,3
5204.png,3
5205.png,3
5206.png,3
5207.png,3
5208.png,3
5209.png,3
5210.png,3
5211.png,3
5212.png,3
5213.png,3
5214.png,3
5215.png,3
5216.png,3
5217.png,3
5218.png,3
5219.png,3
5220.png,3
5221.png,3
5222.png,3
5223.png,3
5224.png,3
5225.png,3
5226.png,3
5227.png,3
5228.png,3
5229.png,3
5230.png,3
5231.png,3
5232.png,3
5233.png,3
5234.png,3
5235.png,3
5236.png,3
5237.png,3
5238.png,3
5239.png,3
5240.png,3
5241.png,3
5242.png,3
5243.png,3
5244.png,3
5245.png,3
5246.png,3
5247.png,3
5248.png,3
5249.png,3
5250.png,3
5251.png,3
5252.png,3
5253.png,3
5254.png,3
5255.png,3
5256.png,3
5257.png,3
5258.png,3
5259.png,3
5260.png,3
5261.png,3
5262.png,3
5263.png,3
5264.png,3
5265.png,3
5266.png,3
5267.png,3
5268.png,3
5269.png,3
5270.png,3
5271.png,3
5272.png,3
5273.png,3
5274.png,3
5275.png,3
5276.png,3
5277.png,3
5278.png,3
5279.png,3
5280.png,3
5281.png,3
5282.png,3
5283.png,3
5284.png,3
5285.png,3
5286.png,3
5287.png,3
5288.png,3
5289.png,3
5290.png,3
5291.png,3
5292.png,3
5293.png,3
5294.png,3
5295.png,3
5296.png,3
5297.png,3
5298.png,3
5299.png,3
5300.png,3
5301.png,3
5302.png,3
5303.png,3
5304.png,3
5305.png,3
5306.png,3
5307.png,3
5308.png,3
5309.png,3
5310.png,3
5311.png,3
5312.png,3
5313.png,3
5314.png,3
5315.png,3
5316.png,3
5317.png,3
5318.png,3
5319.png,3
5320.png,3
5321.png,3
5322.png,3
5323.png,3
5324.png,3
5325.png,3
5326.png,3
5327.png,3
5328.png,3
5329.png,3
5330.png,3
5331.png,3
5332.png,3
5333.png,3
5334.png,3
5335.png,3
5336.png,3
5337.png,3
5338.png,3
5339.png,3
5340.png,3
5341.png,3
5342.png,3
5343.png,3
5344.png,3
5345.png,3
5346.png,3
5347.png,3
5348.png,3
5349.png,3
5350.png,3
5351.png,3
5352.png,3
5353.png,3
5354.png,3
5355.png,3
5356.png,3
5357.png,3
5358.png,3
5359.png,3
5360.png,3
5361.png,3
5362.png,3
5363.png,3
5364.png,3
5365.png,3
5366.png,3
5367.png,3
5368.png,3
5369.png,3
5370.png,3
5371.png,3
5372.png,3
5373.png,3
5374.png,3
5375.png,3
5376.png,3
5377.png,3
5378.png,3
5379.png,3
5380.png,3
5381.png,3
5382.png,3
5383.png,3
5384.png,3
5385.png,3
5386.png,3
5387.png,3
5388.png,3
5389.png,3
5390.png,3
5391.png,3
5392.png,3
5393.png,3
5394.png,3
5395.png,3
5396.png,3
5397.png,3
5398.png,3
5399.png,3
5400.png,3
5401.png,3
5402.png,3
5403.png,3
5404.png,3
5405.png,3
5406.png,3
5407.png,3
5408.png,3
5409.png,3
5410.png,3
5411.png,3
5412.png,3
5413.png,3
5414.png,3
5415.png,3
5416.png,3
5417.png,3
5418.png,3
5419.png,3
5420.png,3
5421.png,3
5422.png,3
5423.png,3
5424.png,3
5425.png,3
5426.png,3
5427.png,3
5428.png,3
5429.png,3
5430.png,3
5431.png,3
5432.png,3
5433.png,3
5434.png,3
5435.png,3
5436.png,3
5437.png,3
5438.png,3
5439.png,3
5440.png,3
5441.png,3
5442.png,3
5443.png,3
5444.png,3
5445.png,3
5446.png,3
5447.png,3
5448.png,3
5449.png,3
5450.png,3
5451.png,3
5452.png,3
5453.png,3
5454.png,3
5455.png,3
5456.png,3
5457.png,3
5458.png,3
5459.png,3
5460.png,3
5461.png,3
5462.png,3
5463.png,3
5464.png,3
5465.png,3
5466.png,3
5467.png,3
5468.png,3
5469.png,3
5470.png,3
5471.png,3
5472.png,3
5473.png,3
5474.png,3
5475.png,3
5476.png,3
5477.png,3
5478.png,3
5479.png,3
5480.png,3
5481.png,3
5482.png,3
5483.png,3
5484.png,3
5485.png,3
5486.png,3
5487.png,3
5488.png,3
5489.png,3
5490.png,3
5491.png,3
5492.png,3
5493.png,3
5494.png,3
5495.png,3
5496.png,3
5497.png,3
5498.png,3
5499.png,3
5500.png,3
5501.png,3
5502.png,3
5503.png,3
5504.png,3
5505.png,3
5506.png,3
5507.png,3
5508.png,3
5509.png,3
5510.png,3
5511.png,3
5512.png,3
5513.png,3
5514.png,3
5515.png,3
5516.png,3
5517.png,3
5518.png,3
5519.png,3
5520.png,3
5521.png,3
5522.png,3
5523.png,3
5524.png,3
5525.png,3
5526.png,3
5527.png,3
5528.png,3
5529.png,3
5530.png,3
5531.png,3
5532.png,3
5533.png,3
5534.png,3
5535.png,3
5536.png,3
5537.png,3
5538.png,3
5539.png,3
5540.png,3
5541.png,3
5542.png,3
5543.png,3
5544.png,3
5545.png,3
5546.png,3
5547.png,3
5548.png,3
5549.png,3
5550.png,3
5551.png,3
5552.png,3
5553.png,3
5554.png,3
5555.png,3
5556.png,3
5557.png,3
5558.png,3
5559.png,3
5560.png,3
5561.png,3
5562.png,3
5563.png,3
5564.png,3
5565.png,3
5566.png,3
5567.png,3
5568.png,3
5569.png,3
5570.png,3
5571.png,3
5572.png,3
5573.png,3
5574.png,3
5575.png,3
5576.png,3
5577.png,3
5578.png,3
5579.png,3
5580.png,3
5581.png,3
5582.png,3
5583.png,3
5584.png,3
5585.png,3
5586.png,3
5587.png,3
5588.png,3
5589.png,3
5590.png,3
5591.png,3
5592.png,3
5593.png,3
5594.png,3
5595.png,3
5596.png,3
5597.png,3
5598.png,3
5599.png,3
5600.png,3
5601.png,3
5602.png,3
5603.png,3
5604.png,3
5605.png,3
5606.png,3
5607.png,3
5608.png,3
5609.png,3
5610.png,3
5611.png,3
5612.png,3
5613.png,3
5614.png,3
5615.png,3
5616.png,3
5617.png,3
5618.png,3
5619.png,3
5620.png,3
5621.png,3
5622.png,3
5623.png,3
5624.png,3
5625.png,3
5626.png,3
5627.png,3
5628.png,3
5629.png,3
5630.png,3
5631.png,3
5632.png,3
5633.png,3
5634.png,3
5635.png,3
5636.png,3
5637.png,3
5638.png,3
5639.png,3
5640.png,3
5641.png,3
5642.png,3
5643.png,3
5644.png,3
5645.png,3
5646.png,3
5647.png,3
5648.png,3
5649.png,3
5650.png,3
5651.png,3
5652.png,3
5653.png,3
5654.png,3
5655.png,3
5656.png,3
5657.png,3
5658.png,3
5659.png,3
5660.png,3
5661.png,3
5662.png,3
5663.png,3
5664.png,3
5665.png,3
5666.png,3
5667.png,3
5668.png,3
5669.png,3
5670.png,3
5671.png,3
5672.png,3
5673.png,3
5674.png,3
5675.png,3
5676.png,3
5677.png,3
5678.png,3
5679.png,3
5680.png,3
5681.png,3
5682.png,3
5683.png,3
5684.png,3
5685.png,3
5686.png,3
5687.png,3
5688.png,3
5689.png,3
5690.png,3
5691.png,3
5692.png,3
5693.png,3
5694.png,3
5695.png,3
5696.png,3
5697.png,3
5698.png,3
5699.png,3
5700.png,3
5701.png,3
5702.png,3
5703.png,3
5704.png,3
5705.png,3
5706.png,3
5707.png,3
5708.png,3
5709.png,3
5710.png,3
5711.png,3
5712.png,3
5713.png,3
5714.png,3
5715.png,3
5716.png,3
5717.png,3
5718.png,3
5719.png,3
5720.png,3
5721.png,3
5722.png,3
5723.png,3
5724.png,3
5725.png,3
5726.png,3
5727.png,3
5728.png,3
5729.png,3
5730.png,3
5731.png,3
5732.png,3
5733.png,3
5734.png,3
5735.png,3
5736.png,3
5737.png,3
5738.png,3
5739.png,3
5740.png,3
5741.png,3
5742.png,3
5743.png,3
5744.png,3
5745.png,3
5746.png,3
5747.png,3
5748.png,3
5749.png,3
5750.png,3
5751.png,3
5752.png,3
5753.png,3
5754.png,3
5755.png,3
5756.png,3
5757.png,3
5758.png,3
5759.png,3
5760.png,3
5761.png,3
5762.png,3
5763.png,3
5764.png,3
5765.png,3
5766.png,3
5767.png,3
5768.png,3
5769.png,3
5770.png,3
5771.png,3
5772.png,3
5773.png,3
5774.png,3
5775.png,3
5776.png,3
5777.png,3
5778.png,3
5779.png,3
5780.png,3
5781.png,3
5782.png,3
5783.png,3
5784.png,3
5785.png,3
5786.png,3
5787.png,3
5788.png,3
5789.png,3
5790.png,3
5791.png,3
5792.png,3
5793.png,3
5794.png,3
5795.png,3
5796.png,3
5797.png,3
5798.png,3
5799.png,3
5800.png,3
5801.png,3
5802.png,3
5803.png,3
5804.png,3
5805.png,3
5806.png,3
5807.png,3
5808.png,3
5809.png,3
5810.png,3
5811.png,3
5812.png,3
5813.png,3
5814.png,3
5815.png,3
5816.png,3
5817.png,3
5818.png,3
5819.png,3
5820.png,3
5821.png,3
5822.png,3
5823.png,3
5824.png,3
5825.png,3
5826.png,3
5827.png,3
5828.png,3
5829.png,3
5830.png,3
5831.png,3
5832.png,3
5833.png,3
5834.png,3
5835.png,3
5836.png,3
5837.png,3
5838.png,3
5839.png,3
5840.png,3
5841.png,3
5842.png,3
5843.png,3
5844.png,3
5845.png,3
5846.png,3
5847.png,3
5848.png,3
5849.png,3
5850.png,3
5851.png,3
5852.png,3
5853.png,3
5854.png,3
5855.png,3
5856.png,3
5857.png,3
5858.png,3
5859.png,3
5860.png,3
5861.png,3
5862.png,3
5863.png,3
5864.png,3
5865.png,3
5866.png,3
5867.png,3
5868.png,3
5869.png,3
5870.png,3
5871.png,3
5872.png,3
5873.png,3
5874.png,3
5875.png,3
5876.png,3
5877.png,3
5878.png,3
5879.png,3
5880.png,3
5881.png,3
5882.png,3
5883.png,3
5884.png,3
5885.png,3
5886.png,3
5887.png,3
5888.png,3
5889.png,3
5890.png,3
5891.png,3
5892.png,3
5893.png,3
5894.png,3
5895.png,3
5896.png,3
5897.png,3
5898.png,3
5899.png,3
5900.png,3
5901.png,3
5902.png,3
5903.png,3
5904.png,3
5905.png,3
5906.png,3
5907.png,3
5908.png,3
5909.png,3
5910.png,3
5911.png,3
5912.png,3
5913.png,3
5914.png,3
5915.png,3
5916.png,3
5917.png,3
5918.png,3
5919.png,3
5920.png,3
5921.png,3
5922.png,3
5923.png,3
5924.png,3
5925.png,3
5926.png,3
5927.png,3
5928.png,3
5929.png,3
5930.png,3
5931.png,3
5932.png,3
5933.png,3
5934.png,3
5935.png,3
5936.png,3
5937.png,3
5938.png,3
5939.png,3
5940.png,3
5941.png,3
5942.png,3
5943.png,3
5944.png,3
5945.png,3
5946.png,3
5947.png,3
5948.png,3
5949.png,3
5950.png,3
5951.png,3
5952.png,3
5953.png,3
5954.png,3
5955.png,3
5956.png,3
5957.png,3
5958.png,3
5959.png,3
5960.png,3
5961.png,3
5962.png,3
5963.png,3
5964.png,3
5965.png,3
5966.png,3
5967.png,3
5968.png,3
5969.png,3
5970.png,3
5971.png,3
5972.png,3
5973.png,3
5974.png,3
5975.png,3
5976.png,3
5977.png,3
5978.png,3
5979.png,3
5980.png,3
5981.png,3
5982.png,3
5983.png,3
5984.png,3
5985.png,3
5986.png,3
5987.png,3
5988.png,3
5989.png,3
5990.png,3
5991.png,3
5992.png,3
5993.png,3
5994.png,3
5995.png,3
5996.png,3
5997.png,3
5998.png,3
5999.png,3
6000.png,3
6001.png,3
6002.png,3
6003.png,3
6004.png,3
6005.png,3
6006.png,3
6007.png,3
6008.png,3
6009.png,3
6010.png,3
6011.png,3
6012.png,3
6013.png,3
6014.png,3
6015.png,3
6016.png,3
6017.png,3
6018.png,3
6019.png,3
6020.png,3
6021.png,3
6022.png,3
6023.png,3
6024.png,3
6025.png,3
6026.png,3
6027.png,3
6028.png,3
6029.png,3
6030.png,3
6031.png,3
6032.png,3
6033.png,3
6034.png,3
6035.png,3
6036.png,3
6037.png,3
6038.png,3
6039.png,3
6040.png,3
6041.png,3
6042.png,3
6043.png,3
6044.png,3
6045.png,3
6046.png,3
6047.png,3
6048.png,3
6049.png,3
6050.png,3
6051.png,3
6052.png,3
6053.png,3
6054.png,3
6055.png,3
6056.png,3
6057.png,3
6058.png,3
6059.png,3
6060.png,3
6061.png,3
6062.png,3
6063.png,3
6064.png,3
6065.png,3
6066.png,3
6067.png,3
6068.png,3
6069.png,3
6070.png,3
6071.png,3
6072.png,3
6073.png,3
6074.png,3
6075.png,3
6076.png,3
6077.png,3
6078.png,3
6079.png,3
6080.png,3
6081.png,3
6082.png,3
6083.png,3
6084.png,3
6085.png,3
6086.png,3
6087.png,3
6088.png,3
6089.png,3
6090.png,3
6091.png,3
6092.png,3
6093.png,3
6094.png,3
6095.png,3
6096.png,3
6097.png,3
6098.png,3
6099.png,3
6100.png,3
6101.png,3
6102.png,3
6103.png,3
6104.png,3
6105.png,3
6106.png,3
6107.png,3
6108.png,3
6109.png,3
6110.png,3
6111.png,3
6112.png,3
6113.png,3
6114.png,3
6115.png,3
6116.png,3
6117.png,3
6118.png,3
6119.png,3
6120.png,3
6121.png,3
6122.png,3
6123.png,3
6124.png,3
6125.png,3
6126.png,3
6127.png,3
6128.png,3
6129.png,3
6130.png,3
6131.png,3
6132.png,3
6133.png,3
6134.png,3
6135.png,3
6136.png,3
6137.png,3
6138.png,3
6139.png,3
6140.png,3
6141.png,3
6142.png,3
6143.png,3
6144.png,3
6145.png,3
6146.png,3
6147.png,3
6148.png,3
6149.png,3
6150.png,3
6151.png,3
6152.png,3
6153.png,3
6154.png,3
6155.png,3
6156.png,3
6157.png,3
6158.png,3
6159.png,3
6160.png,3
6161.png,3
6162.png,3
6163.png,3
6164.png,3
6165.png,3
6166.png,3
6167.png,3
6168.png,3
6169.png,3
6170.png,3
6171.png,3
6172.png,3
6173.png,3
6174.png,3
6175.png,3
6176.png,3
6177.png,3
6178.png,3
6179.png,3
6180.png,3
6181.png,3
6182.png,3
6183.png,3
6184.png,3
6185.png,3
6186.png,3
6187.png,3
6188.png,3
6189.png,3
6190.png,3
6191.png,3
6192.png,3
6193.png,3
6194.png,3
6195.png,3
6196.png,3
6197.png,3
6198.png,3
6199.png,3
6200.png,3
6201.png,3
6202.png,3
6203.png,3
6204.png,3
6205.png,3
6206.png,3
6207.png,3
6208.png,3
6209.png,3
6210.png,3
6211.png,3
6212.png,3
6213.png,3
6214.png,3
6215.png,3
6216.png,3
6217.png,3
6218.png,3
6219.png,3
6220.png,3
6221.png,3
6222.png,3
6223.png,3
6224.png,3
6225.png,3
6226.png,3
6227.png,3
6228.png,3
6229.png,3
6230.png,3
6231.png,3
6232.png,3
6233.png,3
6234.png,3
6235.png,3
6236.png,3
6237.png,3
6238.png,3
6239.png,3
6240.png,3
6241.png,3
6242.png,3
6243.png,3
6244.png,3
6245.png,3
6246.png,3
6247.png,3
6248.png,3
6249.png,3
6250.png,3
6251.png,3
6252.png,3
6253.png,3
6254.png,3
6255.png,3
6256.png,3
6257.png,3
6258.png,3
6259.png,3
6260.png,3
6261.png,3
6262.png,3
6263.png,3
6264.png,3
6265.png,3
6266.png,3
6267.png,3
6268.png,3
6269.png,3
6270.png,3
6271.png,3
6272.png,3
6273.png,3
6274.png,3
6275.png,3
6276.png,3
6277.png,3
6278.png,3
6279.png,3
6280.png,3
6281.png,3
6282.png,3
6283.png,3
6284.png,3
6285.png,3
6286.png,3
6287.png,3
6288.png,3
6289.png,3
6290.png,3
6291.png,3
6292.png,3
6293.png,3
6294.png,3
6295.png,3
6296.png,3
6297.png,3
6298.png,3
6299.png,3
6300.png,3
6301.png,3
6302.png,3
6303.png,3
6304.png,3
6305.png,3
6306.png,3
6307.png,3
6308.png,3
6309.png,3
6310.png,3
6311.png,3
6312.png,3
6313.png,3
6314.png,3
6315.png,3
6316.png,3
6317.png,3
6318.png,3
6319.png,3
6320.png,3
6321.png,3
6322.png,3
6323.png,3
6324.png,3
6325.png,3
6326.png,3
6327.png,3
6328.png,3
6329.png,3
6330.png,3
6331.png,3
6332.png,3
6333.png,3
6334.png,3
6335.png,3
6336.png,3
6337.png,3
6338.png,3
6339.png,3
6340.png,3
6341.png,3
6342.png,3
6343.png,3
6344.png,3
6345.png,3
6346.png,3
6347.png,3
6348.png,3
6349.png,3
6350.png,3
6351.png,3
6352.png,3
6353.png,3
6354.png,3
6355.png,3
6356.png,3
6357.png,3
6358.png,3
6359.png,3
6360.png,3
6361.png,3
6362.png,3
6363.png,3
6364.png,3
6365.png,3
6366.png,3
6367.png,3
6368.png,3
6369.png,3
6370.png,3
6371.png,3
6372.png,3
6373.png,3
6374.png,3
6375.png,3
6376.png,3
6377.png,3
6378.png,3
6379.png,3
6380.png,3
6381.png,3
6382.png,3
6383.png,3
6384.png,3
6385.png,3
6386.png,3
6387.png,3
6388.png,3
6389.png,3
6390.png,3
6391.png,3
6392.png,3
6393.png,3
6394.png,3
6395.png,3
6396.png,3
6397.png,3
6398.png,3
6399.png,3
6400.png,3
6401.png,3
6402.png,3
6403.png,3
6404.png,3
6405.png,3
6406.png,3
6407.png,3
6408.png,3
6409.png,3
6410.png,3
6411.png,3
6412.png,3
6413.png,3
6414.png,3
6415.png,3
6416.png,3
6417.png,3
6418.png,3
6419.png,3
6420.png,3
6421.png,3
6422.png,3
6423.png,3
6424.png,3
6425.png,3
6426.png,3
6427.png,3
6428.png,3
6429.png,3
6430.png,3
6431.png,3
6432.png,3
6433.png,3
6434.png,3
6435.png,3
6436.png,3
6437.png,3
6438.png,3
6439.png,3
6440.png,3
6441.png,3
6442.png,3
6443.png,3
6444.png,3
6445.png,3
6446.png,3
6447.png,3
6448.png,3
6449.png,3
6450.png,3
6451.png,3
6452.png,3
6453.png,3
6454.png,3
6455.png,3
6456.png,3
6457.png,3
6458.png,3
6459.png,3
6460.png,3
6461.png,3
6462.png,3
6463.png,3
6464.png,3
6465.png,3
6466.png,3
6467.png,3
6468.png,3
6469.png,3
6470.png,3
6471.png,3
6472.png,3
6473.png,3
6474.png,3
6475.png,3
6476.png,3
6477.png,3
6478.png,3
6479.png,3
6480.png,3
6481.png,3
6482.png,3
6483.png,3
6484.png,3
6485.png,3
6486.png,3
6487.png,3
6488.png,3
6489.png,3
6490.png,3
6491.png,3
6492.png,3
6493.png,3
6494.png,3
6495.png,3
6496.png,3
6497.png,3
6498.png,3
6499.png,3
6500.png,3
6501.png,3
6502.png,3
6503.png,3
6504.png,3
6505.png,3
6506.png,3
6507.png,3
6508.png,3
6509.png,3
6510.png,3
6511.png,3
6512.png,3
6513.png,3
6514.png,3
6515.png,3
6516.png,3
6517.png,3
6518.png,3
6519.png,3
6520.png,3
6521.png,3
6522.png,3
6523.png,3
6524.png,3
6525.png,3
6526.png,3
6527.png,3
6528.png,3
6529.png,3
6530.png,3
6531.png,3
6532.png,3
6533.png,3
6534.png,3
6535.png,3
6536.png,3
6537.png,3
6538.png,3
6539.png,3
6540.png,3
6541.png,3
6542.png,3
6543.png,3
6544.png,3
6545.png,3
6546.png,3
6547.png,3
6548.png,3
6549.png,3
6550.png,3
6551.png,3
6552.png,3
6553.png,3
6554.png,3
6555.png,3
6556.png,3
6557.png,3
6558.png,3
6559.png,3
6560.png,3
6561.png,3
6562.png,3
6563.png,3
6564.png,3
6565.png,3
6566.png,3
6567.png,3
6568.png,3
6569.png,3
6570.png,3
6571.png,3
6572.png,3
6573.png,3
6574.png,3
6575.png,3
6576.png,3
6577.png,3
6578.png,3
6579.png,3
6580.png,3
6581.png,3
6582.png,3
6583.png,3
6584.png,3
6585.png,3
6586.png,3
6587.png,3
6588.png,3
6589.png,3
6590.png,3
6591.png,3
6592.png,3
6593.png,3
6594.png,3
6595.png,3
6596.png,3
6597.png,3
6598.png,3
6599.png,3
6600.png,3
6601.png,3
6602.png,3
6603.png,3
6604.png,3
6605.png,3
6606.png,3
6607.png,3
6608.png,3
6609.png,3
6610.png,3
6611.png,3
6612.png,3
6613.png,3
6614.png,3
6615.png,3
6616.png,3
6617.png,3
6618.png,3
6619.png,3
6620.png,3
6621.png,3
6622.png,3
6623.png,3
6624.png,3
6625.png,3
6626.png,3
6627.png,3
6628.png,3
6629.png,3
6630.png,3
6631.png,3
6632.png,3
6633.png,3
6634.png,3
6635.png,3
6636.png,3
6637.png,3
6638.png,3
6639.png,3
6640.png,3
6641.png,3
6642.png,3
6643.png,3
6644.png,3
6645.png,3
6646.png,3
6647.png,3
6648.png,3
6649.png,3
6650.png,3
6651.png,3
6652.png,3
6653.png,3
6654.png,3
6655.png,3
6656.png,3
6657.png,3
6658.png,3
6659.png,3
6660.png,3
6661.png,3
6662.png,3
6663.png,3
6664.png,3
6665.png,3
6666.png,3
6667.png,3
6668.png,3
6669.png,3
6670.png,3
6671.png,3
6672.png,3
6673.png,3
6674.png,3
6675.png,3
6676.png,3
6677.png,3
6678.png,3
6679.png,3
6680.png,3
6681.png,3
6682.png,3
6683.png,3
6684.png,3
6685.png,3
6686.png,3
6687.png,3
6688.png,3
6689.png,3
6690.png,3
6691.png,3
6692.png,3
6693.png,3
6694.png,3
6695.png,3
6696.png,3
6697.png,3
6698.png,3
6699.png,3
6700.png,3
6701.png,3
6702.png,3
6703.png,3
6704.png,3
6705.png,3
6706.png,3
6707.png,3
6708.png,3
6709.png,3
6710.png,3
6711.png,3
6712.png,3
6713.png,3
6714.png,3
6715.png,3
6716.png,3
6717.png,3
6718.png,3
6719.png,3
6720.png,3
6721.png,3
6722.png,3
6723.png,3
6724.png,3
6725.png,3
6726.png,3
6727.png,3
6728.png,3
6729.png,3
6730.png,3
6731.png,3
6732.png,3
6733.png,3
6734.png,3
6735.png,3
6736.png,3
6737.png,3
6738.png,3
6739.png,3
6740.png,3
6741.png,3
6742.png,3
6743.png,3
6744.png,3
6745.png,3
6746.png,3
6747.png,3
6748.png,3
6749.png,3
6750.png,3
6751.png,3
6752.png,3
6753.png,3
6754.png,3
6755.png,3
6756.png,3
6757.png,3
6758.png,3
6759.png,3
6760.png,3
6761.png,3
6762.png,3
6763.png,3
6764.png,3
6765.png,3
6766.png,3
6767.png,3
6768.png,3
6769.png,3
6770.png,3
6771.png,3
6772.png,3
6773.png,3
6774.png,3
6775.png,3
6776.png,3
6777.png,3
6778.png,3
6779.png,3
6780.png,3
6781.png,3
6782.png,3
6783.png,3
6784.png,3
6785.png,3
6786.png,3
6787.png,3
6788.png,3
6789.png,3
6790.png,3
6791.png,3
6792.png,3
6793.png,3
6794.png,3
6795.png,3
6796.png,3
6797.png,3
6798.png,3
6799.png,3
6800.png,3
6801.png,3
6802.png,3
6803.png,3
6804.png,3
6805.png,3
6806.png,3
6807.png,3
6808.png,3
6809.png,3
6810.png,3
6811.png,3
6812.png,3
6813.png,3
6814.png,3
6815.png,3
6816.png,3
6817.png,3
6818.png,3
6819.png,3
6820.png,3
6821.png,3
6822.png,3
6823.png,3
6824.png,3
6825.png,3
6826.png,3
6827.png,3
6828.png,3
6829.png,3
6830.png,3
6831.png,3
6832.png,3
6833.png,3
6834.png,3
6835.png,3
6836.png,3
6837.png,3
6838.png,3
6839.png,3
6840.png,3
6841.png,3
6842.png,3
6843.png,3
6844.png,3
6845.png,3
6846.png,3
6847.png,3
6848.png,3
6849.png,3
6850.png,3
6851.png,3
6852.png,3
6853.png,3
6854.png,3
6855.png,3
6856.png,3
6857.png,3
6858.png,3
6859.png,3
6860.png,3
6861.png,3
6862.png,3
6863.png,3
6864.png,3
6865.png,3
6866.png,3
6867.png,3
6868.png,3
6869.png,3
6870.png,3
6871.png,3
6872.png,3
6873.png,3
6874.png,3
6875.png,3
6876.png,3
6877.png,3
6878.png,3
6879.png,3
6880.png,3
6881.png,3
6882.png,3
6883.png,3
6884.png,3
6885.png,3
6886.png,3
6887.png,3
6888.png,3
6889.png,3
6890.png,3
6891.png,3
6892.png,3
6893.png,3
6894.png,3
6895.png,3
6896.png,3
6897.png,3
6898.png,3
6899.png,3
6900.png,3
6901.png,3
6902.png,3
6903.png,3
6904.png,3
6905.png,3
6906.png,3
6907.png,3
6908.png,3
6909.png,3
6910.png,3
6911.png,3
6912.png,3
6913.png,3
6914.png,3
6915.png,3
6916.png,3
6917.png,3
6918.png,3
6919.png,3
6920.png,3
6921.png,3
6922.png,3
6923.png,3
6924.png,3
6925.png,3
6926.png,3
6927.png,3
6928.png,3
6929.png,3
6930.png,3
6931.png,3
6932.png,3
6933.png,3
6934.png,3
6935.png,3
6936.png,3
6937.png,3
6938.png,3
6939.png,3
6940.png,3
6941.png,3
6942.png,3
6943.png,3
6944.png,3
6945.png,3
6946.png,3
6947.png,3
6948.png,3
6949.png,3
6950.png,3
6951.png,3
6952.png,3
6953.png,3
6954.png,3
6955.png,3
6956.png,3
6957.png,3
6958.png,3
6959.png,3
6960.png,3
6961.png,3
6962.png,3
6963.png,3
6964.png,3
6965.png,3
6966.png,3
6967.png,3
6968.png,3
6969.png,3
6970.png,3
6971.png,3
6972.png,3
6973.png,3
6974.png,3
6975.png,3
6976.png,3
6977.png,3
6978.png,3
6979.png,3
6980.png,3
6981.png,3
6982.png,3
6983.png,3
6984.png,3
6985.png,3
6986.png,3
6987.png,3
6988.png,3
6989.png,3
6990.png,3
6991.png,3
6992.png,3
6993.png,3
6994.png,3
6995.png,3
6996.png,3
6997.png,3
6998.png,3
6999.png,3
7000.png,3
7001.png,3
7002.png,3
7003.png,3
7004.png,3
7005.png,3
7006.png,3
7007.png,3
7008.png,3
7009.png,3
7010.png,3
7011.png,3
7012.png,3
7013.png,3
7014.png,3
7015.png,3
7016.png,3
7017.png,3
7018.png,3
7019.png,3
7020.png,3
7021.png,3
7022.png,3
7023.png,3
7024.png,3
7025.png,3
7026.png,3
7027.png,3
7028.png,3
7029.png,3
7030.png,3
7031.png,3
7032.png,3
7033.png,3
7034.png,3
7035.png,3
7036.png,3
7037.png,3
7038.png,3
7039.png,3
7040.png,3
7041.png,3
7042.png,3
7043.png,3
7044.png,3
7045.png,3
7046.png,3
7047.png,3
7048.png,3
7049.png,3
7050.png,3
7051.png,3
7052.png,3
7053.png,3
7054.png,3
7055.png,3
7056.png,3
7057.png,3
7058.png,3
7059.png,3
7060.png,3
7061.png,3
7062.png,3
7063.png,3
7064.png,3
7065.png,3
7066.png,3
7067.png,3
7068.png,3
7069.png,3
7070.png,3
7071.png,3
7072.png,3
7073.png,3
7074.png,3
7075.png,3
7076.png,3
7077.png,3
7078.png,3
7079.png,3
7080.png,3
7081.png,3
7082.png,3
7083.png,3
7084.png,3
7085.png,3
7086.png,3
7087.png,3
7088.png,3
7089.png,3
7090.png,3
7091.png,3
7092.png,3
7093.png,3
7094.png,3
7095.png,3
7096.png,3
7097.png,3
7098.png,3
7099.png,3
7100.png,3
7101.png,3
7102.png,3
7103.png,3
7104.png,3
7105.png,3
7106.png,3
7107.png,3
7108.png,3
7109.png,3
7110.png,3
7111.png,3
7112.png,3
7113.png,3
7114.png,3
7115.png,3
7116.png,3
7117.png,3
7118.png,3
7119.png,3
7120.png,3
7121.png,3
7122.png,3
7123.png,3
7124.png,3
7125.png,3
7126.png,3
7127.png,3
7128.png,3
7129.png,3
7130.png,3
7131.png,3
7132.png,3
7133.png,3
7134.png,3
7135.png,3
7136.png,3
7137.png,3
7138.png,3
7139.png,3
7140.png,3
7141.png,3
7142.png,3
7143.png,3
7144.png,3
7145.png,3
7146.png,3
7147.png,3
7148.png,3
7149.png,3
7150.png,3
7151.png,3
7152.png,3
7153.png,3
7154.png,3
7155.png,3
7156.png,3
7157.png,3
7158.png,3
7159.png,3
7160.png,3
7161.png,3
7162.png,3
7163.png,3
7164.png,3
7165.png,3
7166.png,3
7167.png,3
7168.png,3
7169.png,3
7170.png,3
7171.png,3
7172.png,3
7173.png,3
7174.png,3
7175.png,3
7176.png,3
7177.png,3
7178.png,3
7179.png,3
7180.png,3
7181.png,3
7182.png,3
7183.png,3
7184.png,3
7185.png,3
7186.png,3
7187.png,3
7188.png,3
7189.png,3
7190.png,3
7191.png,3
7192.png,3
7193.png,3
7194.png,3
7195.png,3
7196.png,3
7197.png,3
7198.png,3
7199.png,3
7200.png,3
7201.png,3
7202.png,3
7203.png,3
7204.png,3
7205.png,3
7206.png,3
7207.png,3
7208.png,3
7209.png,3
7210.png,3
7211.png,3
7212.png,3
7213.png,3
7214.png,3
7215.png,3
7216.png,3
7217.png,3
7218.png,3
7219.png,3
7220.png,3
7221.png,3
7222.png,3
7223.png,3
7224.png,3
7225.png,3
7226.png,3
7227.png,3
7228.png,3
7229.png,3
7230.png,3
7231.png,3
7232.png,3
7233.png,3
7234.png,3
7235.png,3
7236.png,3
7237.png,3
7238.png,3
7239.png,3
7240.png,3
7241.png,3
7242.png,3
7243.png,3
7244.png,3
7245.png,3
7246.png,3
7247.png,3
7248.png,3
7249.png,3
7250.png,3
7251.png,3
7252.png,3
7253.png,3
7254.png,3
7255.png,3
7256.png,3
7257.png,3
7258.png,3
7259.png,3
7260.png,3
7261.png,3
7262.png,3
7263.png,3
7264.png,3
7265.png,3
7266.png,3
7267.png,3
7268.png,3
7269.png,3
7270.png,3
7271.png,3
7272.png,3
7273.png,3
7274.png,3
7275.png,3
7276.png,3
7277.png,3
7278.png,3
7279.png,3
7280.png,3
7281.png,3
7282.png,3
7283.png,3
7284.png,3
7285.png,3
7286.png,3
7287.png,3
7288.png,3
7289.png,3
7290.png,3
7291.png,3
7292.png,3
7293.png,3
7294.png,3
7295.png,3
7296.png,3
7297.png,3
7298.png,3
7299.png,3
7300.png,3
7301.png,3
7302.png,3
7303.png,3
7304.png,3
7305.png,3
7306.png,3
7307.png,3
7308.png,3
7309.png,3
7310.png,3
7311.png,3
7312.png,3
7313.png,3
7314.png,3
7315.png,3
7316.png,3
7317.png,3
7318.png,3
7319.png,3
7320.png,3
7321.png,3
7322.png,3
7323.png,3
7324.png,3
7325.png,3
7326.png,3
7327.png,3
7328.png,3
7329.png,3
7330.png,3
7331.png,3
7332.png,3
7333.png,3
7334.png,3
7335.png,3
7336.png,3
7337.png,3
7338.png,3
7339.png,3
7340.png,3
7341.png,3
7342.png,3
7343.png,3
7344.png,3
7345.png,3
7346.png,3
7347.png,3
7348.png,3
7349.png,3
7350.png,3
7351.png,3
7352.png,3
7353.png,3
7354.png,3
7355.png,3
7356.png,3
7357.png,3
7358.png,3
7359.png,3
7360.png,3
7361.png,3
7362.png,3
7363.png,3
7364.png,3
7365.png,3
7366.png,3
7367.png,3
7368.png,3
7369.png,3
7370.png,3
7371.png,3
7372.png,3
7373.png,3
7374.png,3
7375.png,3
7376.png,3
7377.png,3
7378.png,3
7379.png,3
7380.png,3
7381.png,3
7382.png,3
7383.png,3
7384.png,3
7385.png,3
7386.png,3
7387.png,3
7388.png,3
7389.png,3
7390.png,3
7391.png,3
7392.png,3
7393.png,3
7394.png,3
7395.png,3
7396.png,3
7397.png,3
7398.png,3
7399.png,3
7400.png,3
7401.png,3
7402.png,3
7403.png,3
7404.png,3
7405.png,3
7406.png,3
7407.png,3
7408.png,3
7409.png,3
7410.png,3
7411.png,3
7412.png,3
7413.png,3
7414.png,3
7415.png,3
7416.png,3
7417.png,3
7418.png,3
7419.png,3
7420.png,3
7421.png,3
7422.png,3
7423.png,3
7424.png,3
7425.png,3
7426.png,3
7427.png,3
7428.png,3
7429.png,3
7430.png,3
7431.png,3
7432.png,3
7433.png,3
7434.png,3
7435.png,3
7436.png,3
7437.png,3
7438.png,3
7439.png,3
7440.png,3
7441.png,3
7442.png,3
7443.png,3
7444.png,3
7445.png,3
7446.png,3
7447.png,3
7448.png,3
7449.png,3
7450.png,3
7451.png,3
7452.png,3
7453.png,3
7454.png,3
7455.png,3
7456.png,3
7457.png,3
7458.png,3
7459.png,3
7460.png,3
7461.png,3
7462.png,3
7463.png,3
7464.png,3
7465.png,3
7466.png,3
7467.png,3
7468.png,3
7469.png,3
7470.png,3
7471.png,3
7472.png,3
7473.png,3
7474.png,3
7475.png,3
7476.png,3
7477.png,3
7478.png,3
7479.png,3
7480.png,3
7481.png,3
7482.png,3
7483.png,3
7484.png,3
7485.png,3
7486.png,3
7487.png,3
7488.png,3
7489.png,3
7490.png,3
7491.png,3
7492.png,3
7493.png,3
7494.png,3
7495.png,3
7496.png,3
7497.png,3
7498.png,3
7499.png,3
7500.png,3
7501.png,3
7502.png,3
7503.png,3
7504.png,3
7505.png,3
7506.png,3
7507.png,3
7508.png,3
7509.png,3
7510.png,3
7511.png,3
7512.png,3
7513.png,3
7514.png,3
7515.png,3
7516.png,3
7517.png,3
7518.png,3
7519.png,3
7520.png,3
7521.png,3
7522.png,3
7523.png,3
7524.png,3
7525.png,3
7526.png,3
7527.png,3
7528.png,3
7529.png,3
7530.png,3
7531.png,3
7532.png,3
7533.png,3
7534.png,3
7535.png,3
7536.png,3
7537.png,3
7538.png,3
7539.png,3
7540.png,3
7541.png,3
7542.png,3
7543.png,3
7544.png,3
7545.png,3
7546.png,3
7547.png,3
7548.png,3
7549.png,3
7550.png,3
7551.png,3
7552.png,3
7553.png,3
7554.png,3
7555.png,3
7556.png,3
7557.png,3
7558.png,3
7559.png,3
7560.png,3
